validation_year,unit,feature,coefficient
2020,Hogga_G1,numeric__t,0.02423464074607992
2020,Hogga_G1,numeric__doy_sin,0.24883212076095268
2020,Hogga_G1,numeric__doy_cos,0.1256213088433329
2020,Hogga_G1,numeric__price,0.2160813478354484
2020,Hogga_G1,numeric__price_rank,0.49341025604621064
2020,Hogga_G1,numeric__price_minus_mean,0.36650627127033486
2020,Hogga_G1,numeric__price_week_mean,0.09236922389628939
2020,Hogga_G1,numeric__wv_Hogga_G1,-0.4693014573517992
2020,Hogga_G1,numeric__fill_Hogga_G1,0.5628085031172874
2020,Hogga_G1,numeric__inflow_Hogga_G1,0.6133248749426393
2020,Hogga_G1,numeric__spread_Hogga_G1,0.6504490957714667
2020,Hogga_G1,numeric__rank_fill_Hogga_G1,-0.4815204656026236
2020,Hogga_G1,numeric__spread_t_Hogga_G1,0.8668781100973978
2020,Hogga_G1,categorical__hour_0.0,0.09440194842910586
2020,Hogga_G1,categorical__hour_1.0,0.1827373420896347
2020,Hogga_G1,categorical__hour_2.0,0.22417484055058046
2020,Hogga_G1,categorical__hour_3.0,0.2760162114730495
2020,Hogga_G1,categorical__hour_4.0,0.25863252330565384
2020,Hogga_G1,categorical__hour_5.0,0.10746508897685285
2020,Hogga_G1,categorical__hour_6.0,0.013646902239901726
2020,Hogga_G1,categorical__hour_7.0,-0.057918114372999714
2020,Hogga_G1,categorical__hour_8.0,-0.1635404573906151
2020,Hogga_G1,categorical__hour_9.0,-0.1345363374330438
2020,Hogga_G1,categorical__hour_10.0,-0.07940446300878554
2020,Hogga_G1,categorical__hour_11.0,-0.036041551938984895
2020,Hogga_G1,categorical__hour_12.0,-0.0018340455567888178
2020,Hogga_G1,categorical__hour_13.0,0.037423641253429486
2020,Hogga_G1,categorical__hour_14.0,0.06896397179301962
2020,Hogga_G1,categorical__hour_15.0,0.07604232405310879
2020,Hogga_G1,categorical__hour_16.0,0.021617045552353217
2020,Hogga_G1,categorical__hour_17.0,-0.06734463526587438
2020,Hogga_G1,categorical__hour_18.0,-0.09476914039421117
2020,Hogga_G1,categorical__hour_19.0,-0.08533593113402282
2020,Hogga_G1,categorical__hour_20.0,-0.07565789437282172
2020,Hogga_G1,categorical__hour_21.0,-0.0684124648416737
2020,Hogga_G1,categorical__hour_22.0,-0.03034478972407343
2020,Hogga_G1,categorical__hour_23.0,0.07263776801796241
2020,Hogga_G1,categorical__weekday_0.0,0.07471477477116124
2020,Hogga_G1,categorical__weekday_1.0,0.17933761928675987
2020,Hogga_G1,categorical__weekday_2.0,0.1434412785833662
2020,Hogga_G1,categorical__weekday_3.0,0.16356407173861057
2020,Hogga_G1,categorical__weekday_4.0,0.1312555817917216
2020,Hogga_G1,categorical__weekday_5.0,-0.047706206853090766
2020,Hogga_G1,categorical__weekday_6.0,-0.10598733701775724
2020,Hogga_G1,categorical__season_0.0,-0.24988956682876576
2020,Hogga_G1,categorical__season_1.0,-0.0733901463522441
2020,Hogga_G1,categorical__season_2.0,0.34688205749046663
2020,Hogga_G1,categorical__season_3.0,0.5150174379914533
2020,Tokke_G1,numeric__t,-0.03627638369737971
2020,Tokke_G1,numeric__doy_sin,-0.31222410551024665
2020,Tokke_G1,numeric__doy_cos,0.023901646471579715
2020,Tokke_G1,numeric__price,0.30160926762112916
2020,Tokke_G1,numeric__price_rank,0.35036836491670464
2020,Tokke_G1,numeric__price_minus_mean,0.43263173908778785
2020,Tokke_G1,numeric__price_week_mean,0.1587974152719935
2020,Tokke_G1,numeric__wv_Tokke_G1,-1.118089587403403
2020,Tokke_G1,numeric__fill_Tokke_G1,0.20760166399169377
2020,Tokke_G1,numeric__inflow_Tokke_G1,1.8680377663626717
2020,Tokke_G1,numeric__spread_Tokke_G1,1.3746705904407965
2020,Tokke_G1,numeric__rank_fill_Tokke_G1,0.37499145876912127
2020,Tokke_G1,numeric__spread_t_Tokke_G1,0.2565224145897664
2020,Tokke_G1,categorical__hour_0.0,0.04138370284016945
2020,Tokke_G1,categorical__hour_1.0,0.22810116610761746
2020,Tokke_G1,categorical__hour_2.0,0.3275833457906327
2020,Tokke_G1,categorical__hour_3.0,0.4094845375346108
2020,Tokke_G1,categorical__hour_4.0,0.32887538019203233
2020,Tokke_G1,categorical__hour_5.0,0.09720197341456059
2020,Tokke_G1,categorical__hour_6.0,0.08664200745343276
2020,Tokke_G1,categorical__hour_7.0,-0.0228355243231205
2020,Tokke_G1,categorical__hour_8.0,-0.17046548600867203
2020,Tokke_G1,categorical__hour_9.0,-0.1718629322995133
2020,Tokke_G1,categorical__hour_10.0,-0.12233708221908408
2020,Tokke_G1,categorical__hour_11.0,-0.03562253639701335
2020,Tokke_G1,categorical__hour_12.0,0.08612175366166311
2020,Tokke_G1,categorical__hour_13.0,0.17576910427579723
2020,Tokke_G1,categorical__hour_14.0,0.24625404607396326
2020,Tokke_G1,categorical__hour_15.0,0.26505064433031916
2020,Tokke_G1,categorical__hour_16.0,0.12799613982184557
2020,Tokke_G1,categorical__hour_17.0,-0.0858522323109202
2020,Tokke_G1,categorical__hour_18.0,-0.19323717752737696
2020,Tokke_G1,categorical__hour_19.0,-0.18557626025518972
2020,Tokke_G1,categorical__hour_20.0,-0.09441781346795697
2020,Tokke_G1,categorical__hour_21.0,-0.05666540878030287
2020,Tokke_G1,categorical__hour_22.0,-0.016597467548867498
2020,Tokke_G1,categorical__hour_23.0,0.14940307290488306
2020,Tokke_G1,categorical__weekday_0.0,0.30154022777127454
2020,Tokke_G1,categorical__weekday_1.0,0.26608240335316585
2020,Tokke_G1,categorical__weekday_2.0,0.25649097844492597
2020,Tokke_G1,categorical__weekday_3.0,0.1887480211905059
2020,Tokke_G1,categorical__weekday_4.0,0.2274127513061871
2020,Tokke_G1,categorical__weekday_5.0,0.08956276887876581
2020,Tokke_G1,categorical__weekday_6.0,0.0845598023186958
2020,Tokke_G1,categorical__season_0.0,0.646811857092749
2020,Tokke_G1,categorical__season_1.0,0.6497395224522597
2020,Tokke_G1,categorical__season_2.0,0.18803926605930046
2020,Tokke_G1,categorical__season_3.0,-0.07019369234084474
2020,Tokke_G2,numeric__t,-0.0009603859199614871
2020,Tokke_G2,numeric__doy_sin,-0.0627410686876624
2020,Tokke_G2,numeric__doy_cos,0.395264616342567
2020,Tokke_G2,numeric__price,0.16455260351462916
2020,Tokke_G2,numeric__price_rank,0.5180010460449557
2020,Tokke_G2,numeric__price_minus_mean,0.26464617852057376
2020,Tokke_G2,numeric__price_week_mean,0.07581410555201214
2020,Tokke_G2,numeric__wv_Tokke_G2,-1.2509208398844562
2020,Tokke_G2,numeric__fill_Tokke_G2,0.22466632185085075
2020,Tokke_G2,numeric__inflow_Tokke_G2,0.9502155122425523
2020,Tokke_G2,numeric__spread_Tokke_G2,1.4416014730089204
2020,Tokke_G2,numeric__rank_fill_Tokke_G2,-0.3542832266763023
2020,Tokke_G2,numeric__spread_t_Tokke_G2,0.8981844536423708
2020,Tokke_G2,categorical__hour_0.0,0.06498206225798472
2020,Tokke_G2,categorical__hour_1.0,0.1738063566863906
2020,Tokke_G2,categorical__hour_2.0,0.22576161090887226
2020,Tokke_G2,categorical__hour_3.0,0.2735594833392403
2020,Tokke_G2,categorical__hour_4.0,0.2320214445305883
2020,Tokke_G2,categorical__hour_5.0,0.073541109923875
2020,Tokke_G2,categorical__hour_6.0,0.020755590964177475
2020,Tokke_G2,categorical__hour_7.0,-0.05096606624723514
2020,Tokke_G2,categorical__hour_8.0,-0.16712699673682627
2020,Tokke_G2,categorical__hour_9.0,-0.14658027175254992
2020,Tokke_G2,categorical__hour_10.0,-0.11496837242094306
2020,Tokke_G2,categorical__hour_11.0,-0.08219409881720544
2020,Tokke_G2,categorical__hour_12.0,-0.034275791134762854
2020,Tokke_G2,categorical__hour_13.0,0.0021302633002785037
2020,Tokke_G2,categorical__hour_14.0,0.03813920002517272
2020,Tokke_G2,categorical__hour_15.0,0.04979476833489746
2020,Tokke_G2,categorical__hour_16.0,-0.019956450443022127
2020,Tokke_G2,categorical__hour_17.0,-0.13079175632324355
2020,Tokke_G2,categorical__hour_18.0,-0.17524823370603773
2020,Tokke_G2,categorical__hour_19.0,-0.15718741861353525
2020,Tokke_G2,categorical__hour_20.0,-0.1149956290830407
2020,Tokke_G2,categorical__hour_21.0,-0.08415316071487595
2020,Tokke_G2,categorical__hour_22.0,-0.0384461464313719
2020,Tokke_G2,categorical__hour_23.0,0.07375958728606398
2020,Tokke_G2,categorical__weekday_0.0,-0.02720051256379333
2020,Tokke_G2,categorical__weekday_1.0,-0.002353558302470737
2020,Tokke_G2,categorical__weekday_2.0,0.02995911819062702
2020,Tokke_G2,categorical__weekday_3.0,-0.03773506612767483
2020,Tokke_G2,categorical__weekday_4.0,0.012549082243247398
2020,Tokke_G2,categorical__weekday_5.0,-0.014630115624752594
2020,Tokke_G2,categorical__weekday_6.0,-0.04922786268228863
2020,Tokke_G2,categorical__season_0.0,0.13293458438522823
2020,Tokke_G2,categorical__season_1.0,0.22439695139043178
2020,Tokke_G2,categorical__season_2.0,0.12215575639973432
2020,Tokke_G2,categorical__season_3.0,-0.5681262070425686
2020,Tokke_G3,numeric__t,0.01874267327161284
2020,Tokke_G3,numeric__doy_sin,-0.025481634820152397
2020,Tokke_G3,numeric__doy_cos,0.2210356920480675
2020,Tokke_G3,numeric__price,0.25827239071487706
2020,Tokke_G3,numeric__price_rank,0.6573932016315545
2020,Tokke_G3,numeric__price_minus_mean,0.3652610084042152
2020,Tokke_G3,numeric__price_week_mean,0.13795156748950183
2020,Tokke_G3,numeric__wv_Tokke_G3,-1.215038438818841
2020,Tokke_G3,numeric__fill_Tokke_G3,0.22700331299469578
2020,Tokke_G3,numeric__inflow_Tokke_G3,1.4358081460762262
2020,Tokke_G3,numeric__spread_Tokke_G3,1.455127848360368
2020,Tokke_G3,numeric__rank_fill_Tokke_G3,-0.329702514414406
2020,Tokke_G3,numeric__spread_t_Tokke_G3,0.7401717146813097
2020,Tokke_G3,categorical__hour_0.0,0.07021706615403746
2020,Tokke_G3,categorical__hour_1.0,0.18751253949049163
2020,Tokke_G3,categorical__hour_2.0,0.2445305886025361
2020,Tokke_G3,categorical__hour_3.0,0.30375989587617486
2020,Tokke_G3,categorical__hour_4.0,0.24757807551290403
2020,Tokke_G3,categorical__hour_5.0,0.046811394742911544
2020,Tokke_G3,categorical__hour_6.0,0.04273825592777558
2020,Tokke_G3,categorical__hour_7.0,-0.03640493304828729
2020,Tokke_G3,categorical__hour_8.0,-0.1695055911286349
2020,Tokke_G3,categorical__hour_9.0,-0.14799657532921442
2020,Tokke_G3,categorical__hour_10.0,-0.10949339260464695
2020,Tokke_G3,categorical__hour_11.0,-0.06742376564730747
2020,Tokke_G3,categorical__hour_12.0,0.00830394347639783
2020,Tokke_G3,categorical__hour_13.0,0.06671488611182314
2020,Tokke_G3,categorical__hour_14.0,0.1205892682398561
2020,Tokke_G3,categorical__hour_15.0,0.13905755637636316
2020,Tokke_G3,categorical__hour_16.0,0.04540053620431145
2020,Tokke_G3,categorical__hour_17.0,-0.11389464862519752
2020,Tokke_G3,categorical__hour_18.0,-0.17534086273837884
2020,Tokke_G3,categorical__hour_19.0,-0.1471727450628383
2020,Tokke_G3,categorical__hour_20.0,-0.08905944744339747
2020,Tokke_G3,categorical__hour_21.0,-0.04904238429170607
2020,Tokke_G3,categorical__hour_22.0,0.004117292131608901
2020,Tokke_G3,categorical__hour_23.0,0.122778417920345
2020,Tokke_G3,categorical__weekday_0.0,0.13091088635267062
2020,Tokke_G3,categorical__weekday_1.0,0.146813975822063
2020,Tokke_G3,categorical__weekday_2.0,0.09663261780367455
2020,Tokke_G3,categorical__weekday_3.0,0.05449627485556698
2020,Tokke_G3,categorical__weekday_4.0,0.08893139027806435
2020,Tokke_G3,categorical__weekday_5.0,0.005763167858284128
2020,Tokke_G3,categorical__weekday_6.0,0.021227057877588412
2020,Tokke_G3,categorical__season_0.0,0.3363772355959111
2020,Tokke_G3,categorical__season_1.0,0.21108516494468052
2020,Tokke_G3,categorical__season_2.0,0.21969024499589448
2020,Tokke_G3,categorical__season_3.0,-0.22237727468855462
2020,Tokke_G4,numeric__t,-0.062337985017619224
2020,Tokke_G4,numeric__doy_sin,-0.003727327227815215
2020,Tokke_G4,numeric__doy_cos,0.40313223916868957
2020,Tokke_G4,numeric__price,0.21561191988687928
2020,Tokke_G4,numeric__price_rank,0.527280489896283
2020,Tokke_G4,numeric__price_minus_mean,0.3329625047315868
2020,Tokke_G4,numeric__price_week_mean,0.10455966685182862
2020,Tokke_G4,numeric__wv_Tokke_G4,-1.304170411100543
2020,Tokke_G4,numeric__fill_Tokke_G4,0.2620725376457825
2020,Tokke_G4,numeric__inflow_Tokke_G4,1.06428923606034
2020,Tokke_G4,numeric__spread_Tokke_G4,1.5275274367113607
2020,Tokke_G4,numeric__rank_fill_Tokke_G4,-0.3783057891469475
2020,Tokke_G4,numeric__spread_t_Tokke_G4,0.40051929936429487
2020,Tokke_G4,categorical__hour_0.0,0.03887096983074229
2020,Tokke_G4,categorical__hour_1.0,0.1561678606259301
2020,Tokke_G4,categorical__hour_2.0,0.20164841310829149
2020,Tokke_G4,categorical__hour_3.0,0.2542781958248505
2020,Tokke_G4,categorical__hour_4.0,0.2152993282211798
2020,Tokke_G4,categorical__hour_5.0,0.08547959376973589
2020,Tokke_G4,categorical__hour_6.0,0.04107712889354145
2020,Tokke_G4,categorical__hour_7.0,-0.027117596796235165
2020,Tokke_G4,categorical__hour_8.0,-0.14004107148989145
2020,Tokke_G4,categorical__hour_9.0,-0.10933170194376232
2020,Tokke_G4,categorical__hour_10.0,-0.09323576848482372
2020,Tokke_G4,categorical__hour_11.0,-0.06413492256673793
2020,Tokke_G4,categorical__hour_12.0,-0.0206581166839909
2020,Tokke_G4,categorical__hour_13.0,0.031322730374446356
2020,Tokke_G4,categorical__hour_14.0,0.05959213353598192
2020,Tokke_G4,categorical__hour_15.0,0.07240395713294716
2020,Tokke_G4,categorical__hour_16.0,-0.009296027252346064
2020,Tokke_G4,categorical__hour_17.0,-0.12087114978168582
2020,Tokke_G4,categorical__hour_18.0,-0.16384001388313083
2020,Tokke_G4,categorical__hour_19.0,-0.15233230686184765
2020,Tokke_G4,categorical__hour_20.0,-0.1188628716967911
2020,Tokke_G4,categorical__hour_21.0,-0.0881835622095662
2020,Tokke_G4,categorical__hour_22.0,-0.05431428438299623
2020,Tokke_G4,categorical__hour_23.0,0.04324323580277938
2020,Tokke_G4,categorical__weekday_0.0,0.0075168516179352435
2020,Tokke_G4,categorical__weekday_1.0,0.02617284507727456
2020,Tokke_G4,categorical__weekday_2.0,0.09078162368589646
2020,Tokke_G4,categorical__weekday_3.0,-0.0017283166295229578
2020,Tokke_G4,categorical__weekday_4.0,-0.015223151228291449
2020,Tokke_G4,categorical__weekday_5.0,-0.043896965382779186
2020,Tokke_G4,categorical__weekday_6.0,-0.026458734053902973
2020,Tokke_G4,categorical__season_0.0,0.05575973755881697
2020,Tokke_G4,categorical__season_1.0,0.20003587370839584
2020,Tokke_G4,categorical__season_2.0,0.2097328098223043
2020,Tokke_G4,categorical__season_3.0,-0.4283642680028706
2020,Lio_G1,numeric__t,0.0006530871746727456
2020,Lio_G1,numeric__doy_sin,0.7614895266573717
2020,Lio_G1,numeric__doy_cos,0.64150629587508
2020,Lio_G1,numeric__price,0.49578692446219214
2020,Lio_G1,numeric__price_rank,-0.09508429306159343
2020,Lio_G1,numeric__price_minus_mean,0.19664081742429426
2020,Lio_G1,numeric__price_week_mean,0.4556874840138771
2020,Lio_G1,numeric__wv_Lio_G1,-0.7983814823928916
2020,Lio_G1,numeric__fill_Lio_G1,0.8938996487996476
2020,Lio_G1,numeric__inflow_Lio_G1,-0.3293947368200491
2020,Lio_G1,numeric__spread_Lio_G1,1.2420373356181598
2020,Lio_G1,numeric__rank_fill_Lio_G1,0.14174119709108413
2020,Lio_G1,numeric__spread_t_Lio_G1,0.17374748768883597
2020,Lio_G1,categorical__hour_0.0,0.13282735321633704
2020,Lio_G1,categorical__hour_1.0,0.2563177854189839
2020,Lio_G1,categorical__hour_2.0,0.32066235576120605
2020,Lio_G1,categorical__hour_3.0,0.3707892082401389
2020,Lio_G1,categorical__hour_4.0,0.345077824094004
2020,Lio_G1,categorical__hour_5.0,0.2112879225471685
2020,Lio_G1,categorical__hour_6.0,0.14125775506427662
2020,Lio_G1,categorical__hour_7.0,0.003987896316472014
2020,Lio_G1,categorical__hour_8.0,-0.08119675657189955
2020,Lio_G1,categorical__hour_9.0,-0.07648424422505797
2020,Lio_G1,categorical__hour_10.0,-0.054973595859222374
2020,Lio_G1,categorical__hour_11.0,-0.0176687338069923
2020,Lio_G1,categorical__hour_12.0,0.020800137449345536
2020,Lio_G1,categorical__hour_13.0,0.058247436921767794
2020,Lio_G1,categorical__hour_14.0,0.09298616162846414
2020,Lio_G1,categorical__hour_15.0,0.12340436012681465
2020,Lio_G1,categorical__hour_16.0,0.07852327384803162
2020,Lio_G1,categorical__hour_17.0,0.024508149661487972
2020,Lio_G1,categorical__hour_18.0,0.0023195655202107933
2020,Lio_G1,categorical__hour_19.0,-0.013041915239388746
2020,Lio_G1,categorical__hour_20.0,0.00011986588405715867
2020,Lio_G1,categorical__hour_21.0,0.03273265155702143
2020,Lio_G1,categorical__hour_22.0,0.06416446437806582
2020,Lio_G1,categorical__hour_23.0,0.12327500213636619
2020,Lio_G1,categorical__weekday_0.0,0.25771728437907726
2020,Lio_G1,categorical__weekday_1.0,0.3538787920162057
2020,Lio_G1,categorical__weekday_2.0,0.352677587392976
2020,Lio_G1,categorical__weekday_3.0,0.3555123282821779
2020,Lio_G1,categorical__weekday_4.0,0.28277705397768393
2020,Lio_G1,categorical__weekday_5.0,0.2818979147880526
2020,Lio_G1,categorical__weekday_6.0,0.27546296323147934
2020,Lio_G1,categorical__season_0.0,0.7484785969379297
2020,Lio_G1,categorical__season_1.0,0.09782787851892917
2020,Lio_G1,categorical__season_2.0,0.5308430243083365
2020,Lio_G1,categorical__season_3.0,0.7827744243024019
2020,Byrte_G1,numeric__t,0.032536537815351436
2020,Byrte_G1,numeric__doy_sin,0.5400911053251622
2020,Byrte_G1,numeric__doy_cos,0.584614584704274
2020,Byrte_G1,numeric__price,1.478950260907416
2020,Byrte_G1,numeric__price_rank,0.17907839930822556
2020,Byrte_G1,numeric__price_minus_mean,0.04726569152810487
2020,Byrte_G1,numeric__price_week_mean,1.5633704330679274
2020,Byrte_G1,numeric__wv_Byrte_G1,-5.252625391974428
2020,Byrte_G1,numeric__fill_Byrte_G1,0.9779566814897811
2020,Byrte_G1,numeric__inflow_Byrte_G1,0.6486583537666597
2020,Byrte_G1,numeric__spread_Byrte_G1,6.696834227323913
2020,Byrte_G1,numeric__rank_fill_Byrte_G1,-0.3329061447514876
2020,Byrte_G1,numeric__spread_t_Byrte_G1,-0.9167100952163181
2020,Byrte_G1,categorical__hour_0.0,0.1648183353289434
2020,Byrte_G1,categorical__hour_1.0,0.3965281447286798
2020,Byrte_G1,categorical__hour_2.0,0.5368916808396315
2020,Byrte_G1,categorical__hour_3.0,0.652788384904869
2020,Byrte_G1,categorical__hour_4.0,0.6399448792123246
2020,Byrte_G1,categorical__hour_5.0,0.3323055933496939
2020,Byrte_G1,categorical__hour_6.0,0.09521279923906169
2020,Byrte_G1,categorical__hour_7.0,-0.18273950109042392
2020,Byrte_G1,categorical__hour_8.0,-0.49594005615081893
2020,Byrte_G1,categorical__hour_9.0,-0.42258060684151716
2020,Byrte_G1,categorical__hour_10.0,-0.2996843661549414
2020,Byrte_G1,categorical__hour_11.0,-0.19723111328164059
2020,Byrte_G1,categorical__hour_12.0,-0.06685588582461004
2020,Byrte_G1,categorical__hour_13.0,0.008378979545448799
2020,Byrte_G1,categorical__hour_14.0,0.06417450599898365
2020,Byrte_G1,categorical__hour_15.0,0.08449804072954473
2020,Byrte_G1,categorical__hour_16.0,-0.0362592071565203
2020,Byrte_G1,categorical__hour_17.0,-0.24145970823516463
2020,Byrte_G1,categorical__hour_18.0,-0.3061267383402546
2020,Byrte_G1,categorical__hour_19.0,-0.26513436836458576
2020,Byrte_G1,categorical__hour_20.0,-0.23468168946751355
2020,Byrte_G1,categorical__hour_21.0,-0.187663070775461
2020,Byrte_G1,categorical__hour_22.0,-0.08804811715474947
2020,Byrte_G1,categorical__hour_23.0,0.09847751743145938
2020,Byrte_G1,categorical__weekday_0.0,-0.04834768090161854
2020,Byrte_G1,categorical__weekday_1.0,0.22307622177057285
2020,Byrte_G1,categorical__weekday_2.0,0.24260739880514098
2020,Byrte_G1,categorical__weekday_3.0,0.12511959650238752
2020,Byrte_G1,categorical__weekday_4.0,0.0907998589163367
2020,Byrte_G1,categorical__weekday_5.0,-0.24392090190365026
2020,Byrte_G1,categorical__weekday_6.0,-0.33972006071873884
2020,Byrte_G1,categorical__season_0.0,-0.39175681902593285
2020,Byrte_G1,categorical__season_1.0,0.7233327569530661
2020,Byrte_G1,categorical__season_2.0,0.6402527542725125
2020,Byrte_G1,categorical__season_3.0,-0.9222142597291889
2020,Vinje_G1,numeric__t,-0.018121994827230987
2020,Vinje_G1,numeric__doy_sin,0.39105260548697446
2020,Vinje_G1,numeric__doy_cos,0.3506673016534312
2020,Vinje_G1,numeric__price,0.1847324098074301
2020,Vinje_G1,numeric__price_rank,-0.08190650766453278
2020,Vinje_G1,numeric__price_minus_mean,0.3838709115140614
2020,Vinje_G1,numeric__price_week_mean,0.052282767888853526
2020,Vinje_G1,numeric__wv_Vinje_G1,-0.3604700954441946
2020,Vinje_G1,numeric__fill_Vinje_G1,0.27976122408319243
2020,Vinje_G1,numeric__inflow_Vinje_G1,-0.20499114787129497
2020,Vinje_G1,numeric__spread_Vinje_G1,0.5213383570828698
2020,Vinje_G1,numeric__rank_fill_Vinje_G1,0.2544551054418189
2020,Vinje_G1,numeric__spread_t_Vinje_G1,0.254921700439589
2020,Vinje_G1,categorical__hour_0.0,-0.048663336326147916
2020,Vinje_G1,categorical__hour_1.0,-0.023883463319929913
2020,Vinje_G1,categorical__hour_2.0,-0.017946541881195602
2020,Vinje_G1,categorical__hour_3.0,0.012840524436213868
2020,Vinje_G1,categorical__hour_4.0,-0.01688072611740139
2020,Vinje_G1,categorical__hour_5.0,-0.034551415404040886
2020,Vinje_G1,categorical__hour_6.0,0.03789352441917161
2020,Vinje_G1,categorical__hour_7.0,-0.01452791477308758
2020,Vinje_G1,categorical__hour_8.0,-0.08555854455740504
2020,Vinje_G1,categorical__hour_9.0,-0.054183802914092166
2020,Vinje_G1,categorical__hour_10.0,-0.019081223378165046
2020,Vinje_G1,categorical__hour_11.0,0.006756951314014985
2020,Vinje_G1,categorical__hour_12.0,0.043543996692128474
2020,Vinje_G1,categorical__hour_13.0,0.06090792255208446
2020,Vinje_G1,categorical__hour_14.0,0.08875526880633984
2020,Vinje_G1,categorical__hour_15.0,0.09230180925997607
2020,Vinje_G1,categorical__hour_16.0,0.050872385725378395
2020,Vinje_G1,categorical__hour_17.0,-0.012446906039744316
2020,Vinje_G1,categorical__hour_18.0,-0.03457034817989663
2020,Vinje_G1,categorical__hour_19.0,-0.028406967563838845
2020,Vinje_G1,categorical__hour_20.0,-0.0035269385132264907
2020,Vinje_G1,categorical__hour_21.0,0.006873322213242734
2020,Vinje_G1,categorical__hour_22.0,0.008124960296255871
2020,Vinje_G1,categorical__hour_23.0,0.020844425335029317
2020,Vinje_G1,categorical__weekday_0.0,-0.011006296482870015
2020,Vinje_G1,categorical__weekday_1.0,-0.01959987116445102
2020,Vinje_G1,categorical__weekday_2.0,-0.05337389239226424
2020,Vinje_G1,categorical__weekday_3.0,0.018765347520927622
2020,Vinje_G1,categorical__weekday_4.0,0.07716038677044289
2020,Vinje_G1,categorical__weekday_5.0,0.028007693635028103
2020,Vinje_G1,categorical__weekday_6.0,-0.004466405805150855
2020,Vinje_G1,categorical__season_0.0,-0.4398075182455378
2020,Vinje_G1,categorical__season_1.0,-0.08504106234053208
2020,Vinje_G1,categorical__season_2.0,0.6429342158650614
2020,Vinje_G1,categorical__season_3.0,-0.08259867319732744
2020,Vinje_G2,numeric__t,-0.03318563585212101
2020,Vinje_G2,numeric__doy_sin,0.4473591554511243
2020,Vinje_G2,numeric__doy_cos,0.3533215068906992
2020,Vinje_G2,numeric__price,0.14894829991507244
2020,Vinje_G2,numeric__price_rank,-0.014165787181951465
2020,Vinje_G2,numeric__price_minus_mean,0.3824399341057459
2020,Vinje_G2,numeric__price_week_mean,0.01456473760601249
2020,Vinje_G2,numeric__wv_Vinje_G2,-0.33425327275457056
2020,Vinje_G2,numeric__fill_Vinje_G2,0.32382599996847933
2020,Vinje_G2,numeric__inflow_Vinje_G2,-0.2596295232997339
2020,Vinje_G2,numeric__spread_Vinje_G2,0.47083458463759864
2020,Vinje_G2,numeric__rank_fill_Vinje_G2,0.16699350169343696
2020,Vinje_G2,numeric__spread_t_Vinje_G2,0.32036980540237464
2020,Vinje_G2,categorical__hour_0.0,-0.11080953644500942
2020,Vinje_G2,categorical__hour_1.0,-0.08870324254462973
2020,Vinje_G2,categorical__hour_2.0,-0.09724922483654938
2020,Vinje_G2,categorical__hour_3.0,-0.07186011611914259
2020,Vinje_G2,categorical__hour_4.0,-0.0999832400705666
2020,Vinje_G2,categorical__hour_5.0,-0.13680912708472262
2020,Vinje_G2,categorical__hour_6.0,0.010418206670712414
2020,Vinje_G2,categorical__hour_7.0,-0.0083475681302907
2020,Vinje_G2,categorical__hour_8.0,-0.06790835069907993
2020,Vinje_G2,categorical__hour_9.0,-0.028080623151137244
2020,Vinje_G2,categorical__hour_10.0,0.0017604517173743287
2020,Vinje_G2,categorical__hour_11.0,0.03812770633749401
2020,Vinje_G2,categorical__hour_12.0,0.06349629436815782
2020,Vinje_G2,categorical__hour_13.0,0.08321458338302253
2020,Vinje_G2,categorical__hour_14.0,0.10602300879326351
2020,Vinje_G2,categorical__hour_15.0,0.11154186442169582
2020,Vinje_G2,categorical__hour_16.0,0.0656810338745068
2020,Vinje_G2,categorical__hour_17.0,0.00382958555325175
2020,Vinje_G2,categorical__hour_18.0,-0.014988876232035276
2020,Vinje_G2,categorical__hour_19.0,0.00013281853639323225
2020,Vinje_G2,categorical__hour_20.0,0.011129541409634212
2020,Vinje_G2,categorical__hour_21.0,0.014900694775712944
2020,Vinje_G2,categorical__hour_22.0,-0.002455834464284566
2020,Vinje_G2,categorical__hour_23.0,-0.01676558981362344
2020,Vinje_G2,categorical__weekday_0.0,-0.04027630487027672
2020,Vinje_G2,categorical__weekday_1.0,-0.0505866630300194
2020,Vinje_G2,categorical__weekday_2.0,-0.08214611573811352
2020,Vinje_G2,categorical__weekday_3.0,-0.04838984949589306
2020,Vinje_G2,categorical__weekday_4.0,0.018182372020950476
2020,Vinje_G2,categorical__weekday_5.0,0.009426474747223513
2020,Vinje_G2,categorical__weekday_6.0,-0.03991545338370895
2020,Vinje_G2,categorical__season_0.0,-0.532810974202901
2020,Vinje_G2,categorical__season_1.0,-0.14268669346201304
2020,Vinje_G2,categorical__season_2.0,0.5462505789437443
2020,Vinje_G2,categorical__season_3.0,-0.10445845102868498
2020,Vinje_G3,numeric__t,-0.014163040622835762
2020,Vinje_G3,numeric__doy_sin,0.5286034650808507
2020,Vinje_G3,numeric__doy_cos,0.324838496455153
2020,Vinje_G3,numeric__price,0.12454039113373609
2020,Vinje_G3,numeric__price_rank,0.09487638460421942
2020,Vinje_G3,numeric__price_minus_mean,0.36459510180761745
2020,Vinje_G3,numeric__price_week_mean,-0.004780298863642751
2020,Vinje_G3,numeric__wv_Vinje_G3,-0.3274690923442364
2020,Vinje_G3,numeric__fill_Vinje_G3,0.44332716390398125
2020,Vinje_G3,numeric__inflow_Vinje_G3,-0.29000590746786725
2020,Vinje_G3,numeric__spread_Vinje_G3,0.44923428495446494
2020,Vinje_G3,numeric__rank_fill_Vinje_G3,-0.0011197678728133947
2020,Vinje_G3,numeric__spread_t_Vinje_G3,0.4482333732767962
2020,Vinje_G3,categorical__hour_0.0,-0.23368428635315516
2020,Vinje_G3,categorical__hour_1.0,-0.27051720787254785
2020,Vinje_G3,categorical__hour_2.0,-0.3143265408902889
2020,Vinje_G3,categorical__hour_3.0,-0.29114108684608164
2020,Vinje_G3,categorical__hour_4.0,-0.3262208712621677
2020,Vinje_G3,categorical__hour_5.0,-0.4067756593592389
2020,Vinje_G3,categorical__hour_6.0,-0.09502054840036273
2020,Vinje_G3,categorical__hour_7.0,0.04541394186414255
2020,Vinje_G3,categorical__hour_8.0,-0.0013093073530833534
2020,Vinje_G3,categorical__hour_9.0,0.07196032046128588
2020,Vinje_G3,categorical__hour_10.0,0.10260199906915382
2020,Vinje_G3,categorical__hour_11.0,0.12667874961428574
2020,Vinje_G3,categorical__hour_12.0,0.13248293605128666
2020,Vinje_G3,categorical__hour_13.0,0.1364376406027479
2020,Vinje_G3,categorical__hour_14.0,0.147351724306589
2020,Vinje_G3,categorical__hour_15.0,0.13526058689137047
2020,Vinje_G3,categorical__hour_16.0,0.09290098037684048
2020,Vinje_G3,categorical__hour_17.0,0.04158329628860158
2020,Vinje_G3,categorical__hour_18.0,0.04296039574029948
2020,Vinje_G3,categorical__hour_19.0,0.048065618467459034
2020,Vinje_G3,categorical__hour_20.0,0.027828354120563528
2020,Vinje_G3,categorical__hour_21.0,-0.008162073480443321
2020,Vinje_G3,categorical__hour_22.0,-0.07496414255285586
2020,Vinje_G3,categorical__hour_23.0,-0.13246894996424458
2020,Vinje_G3,categorical__weekday_0.0,-0.10111117126450603
2020,Vinje_G3,categorical__weekday_1.0,-0.22044353271483566
2020,Vinje_G3,categorical__weekday_2.0,-0.15230338987948416
2020,Vinje_G3,categorical__weekday_3.0,-0.1474809104561615
2020,Vinje_G3,categorical__weekday_4.0,-0.09629035666935724
2020,Vinje_G3,categorical__weekday_5.0,-0.11687623775821435
2020,Vinje_G3,categorical__weekday_6.0,-0.1685585317372894
2020,Vinje_G3,categorical__season_0.0,-0.41914219210259923
2020,Vinje_G3,categorical__season_1.0,-0.5763652849972946
2020,Vinje_G3,categorical__season_2.0,0.17058791955118455
2020,Vinje_G3,categorical__season_3.0,-0.1781445729310616
2020,Haukeli_G1,numeric__t,-0.04622203945940795
2020,Haukeli_G1,numeric__doy_sin,0.5026604738240744
2020,Haukeli_G1,numeric__doy_cos,-0.2835034666245463
2020,Haukeli_G1,numeric__price,0.04916215193389247
2020,Haukeli_G1,numeric__price_rank,0.05027291058752227
2020,Haukeli_G1,numeric__price_minus_mean,-0.11468373375767767
2020,Haukeli_G1,numeric__price_week_mean,0.0959505649400288
2020,Haukeli_G1,numeric__wv_Haukeli_G1,-0.6076471404423156
2020,Haukeli_G1,numeric__fill_Haukeli_G1,0.0
2020,Haukeli_G1,numeric__inflow_Haukeli_G1,0.5311446617669654
2020,Haukeli_G1,numeric__spread_Haukeli_G1,0.7710126453299276
2020,Haukeli_G1,numeric__rank_fill_Haukeli_G1,0.05027291058752227
2020,Haukeli_G1,numeric__spread_t_Haukeli_G1,0.1524419823012092
2020,Haukeli_G1,categorical__hour_0.0,0.10450059222437062
2020,Haukeli_G1,categorical__hour_1.0,0.1629786111582963
2020,Haukeli_G1,categorical__hour_2.0,0.19949979557401093
2020,Haukeli_G1,categorical__hour_3.0,0.2164204771566709
2020,Haukeli_G1,categorical__hour_4.0,0.20990265293380717
2020,Haukeli_G1,categorical__hour_5.0,0.1459117256302636
2020,Haukeli_G1,categorical__hour_6.0,0.0715921411032592
2020,Haukeli_G1,categorical__hour_7.0,-0.00969975218467139
2020,Haukeli_G1,categorical__hour_8.0,-0.05901360192496228
2020,Haukeli_G1,categorical__hour_9.0,-0.05799680352944595
2020,Haukeli_G1,categorical__hour_10.0,-0.04461327116601748
2020,Haukeli_G1,categorical__hour_11.0,-0.017197572324436628
2020,Haukeli_G1,categorical__hour_12.0,0.011414035884457203
2020,Haukeli_G1,categorical__hour_13.0,0.03193781994284393
2020,Haukeli_G1,categorical__hour_14.0,0.043593750802631684
2020,Haukeli_G1,categorical__hour_15.0,0.044840696707846475
2020,Haukeli_G1,categorical__hour_16.0,0.014825362171150757
2020,Haukeli_G1,categorical__hour_17.0,-0.03483951347389331
2020,Haukeli_G1,categorical__hour_18.0,-0.05945504900294677
2020,Haukeli_G1,categorical__hour_19.0,-0.054253531770880915
2020,Haukeli_G1,categorical__hour_20.0,-0.037434940575599734
2020,Haukeli_G1,categorical__hour_21.0,-0.017888045559741734
2020,Haukeli_G1,categorical__hour_22.0,0.014078513346180124
2020,Haukeli_G1,categorical__hour_23.0,0.08630057475826027
2020,Haukeli_G1,categorical__weekday_0.0,0.12248359771106684
2020,Haukeli_G1,categorical__weekday_1.0,0.2059208456708787
2020,Haukeli_G1,categorical__weekday_2.0,0.175893246494119
2020,Haukeli_G1,categorical__weekday_3.0,0.1477170647248355
2020,Haukeli_G1,categorical__weekday_4.0,0.09156717999851288
2020,Haukeli_G1,categorical__weekday_5.0,0.10210947710299967
2020,Haukeli_G1,categorical__weekday_6.0,0.11971325617904885
2020,Haukeli_G1,categorical__season_0.0,0.4204048282630542
2020,Haukeli_G1,categorical__season_1.0,-0.8604972308252405
2020,Haukeli_G1,categorical__season_2.0,0.5973477615322829
2020,Haukeli_G1,categorical__season_3.0,0.8081493089112953
2020,Songa_G1,numeric__t,-0.03582115825753316
2020,Songa_G1,numeric__doy_sin,1.1662042988964
2020,Songa_G1,numeric__doy_cos,-0.47712426325071505
2020,Songa_G1,numeric__price,0.7157543403963302
2020,Songa_G1,numeric__price_rank,0.35010852295280537
2020,Songa_G1,numeric__price_minus_mean,0.1228146618276652
2020,Songa_G1,numeric__price_week_mean,0.718800600403582
2020,Songa_G1,numeric__wv_Songa_G1,-1.8252744181820217
2020,Songa_G1,numeric__fill_Songa_G1,1.0408600213526222
2020,Songa_G1,numeric__inflow_Songa_G1,0.008294740350701185
2020,Songa_G1,numeric__spread_Songa_G1,2.3995578432072824
2020,Songa_G1,numeric__rank_fill_Songa_G1,-0.024760486301672963
2020,Songa_G1,numeric__spread_t_Songa_G1,0.18882917499215424
2020,Songa_G1,categorical__hour_0.0,0.06026272868760244
2020,Songa_G1,categorical__hour_1.0,0.2098890075124816
2020,Songa_G1,categorical__hour_2.0,0.23900713039760646
2020,Songa_G1,categorical__hour_3.0,0.2917892438483901
2020,Songa_G1,categorical__hour_4.0,0.21173634880582323
2020,Songa_G1,categorical__hour_5.0,0.06418139184587386
2020,Songa_G1,categorical__hour_6.0,0.06777218664865421
2020,Songa_G1,categorical__hour_7.0,-0.0849262704565484
2020,Songa_G1,categorical__hour_8.0,-0.25694370959642765
2020,Songa_G1,categorical__hour_9.0,-0.2019732569288712
2020,Songa_G1,categorical__hour_10.0,-0.13064385828016484
2020,Songa_G1,categorical__hour_11.0,-0.05366049769061434
2020,Songa_G1,categorical__hour_12.0,0.014152530252630323
2020,Songa_G1,categorical__hour_13.0,0.08181613060494411
2020,Songa_G1,categorical__hour_14.0,0.15418650735689995
2020,Songa_G1,categorical__hour_15.0,0.1744218976954815
2020,Songa_G1,categorical__hour_16.0,0.08704611278778146
2020,Songa_G1,categorical__hour_17.0,-0.06725458588694513
2020,Songa_G1,categorical__hour_18.0,-0.14231062356759522
2020,Songa_G1,categorical__hour_19.0,-0.1161898159263223
2020,Songa_G1,categorical__hour_20.0,-0.08781182150134033
2020,Songa_G1,categorical__hour_21.0,-0.06961928581402861
2020,Songa_G1,categorical__hour_22.0,-0.02057948352059437
2020,Songa_G1,categorical__hour_23.0,0.1297262602954622
2020,Songa_G1,categorical__weekday_0.0,0.2025220862985069
2020,Songa_G1,categorical__weekday_1.0,0.11754430832506454
2020,Songa_G1,categorical__weekday_2.0,0.09308723535104438
2020,Songa_G1,categorical__weekday_3.0,0.001999407452119094
2020,Songa_G1,categorical__weekday_4.0,0.14917170887231926
2020,Songa_G1,categorical__weekday_5.0,0.06932951626093088
2020,Songa_G1,categorical__weekday_6.0,-0.07957999498980528
2020,Songa_G1,categorical__season_0.0,-0.6372827462378997
2020,Songa_G1,categorical__season_1.0,0.5414220026044511
2020,Songa_G1,categorical__season_2.0,0.6444940127841274
2020,Songa_G1,categorical__season_3.0,0.005440998419511829
2020,Kjela_G1,numeric__t,0.060394309826285436
2020,Kjela_G1,numeric__doy_sin,0.4885383398642483
2020,Kjela_G1,numeric__doy_cos,0.23726884849822613
2020,Kjela_G1,numeric__price,0.608909522029289
2020,Kjela_G1,numeric__price_rank,-0.05821502127005926
2020,Kjela_G1,numeric__price_minus_mean,0.17421787949022874
2020,Kjela_G1,numeric__price_week_mean,0.5851179450514318
2020,Kjela_G1,numeric__wv_Kjela_G1,-1.2921036500042713
2020,Kjela_G1,numeric__fill_Kjela_G1,-0.16265524759510466
2020,Kjela_G1,numeric__inflow_Kjela_G1,-0.9250695201813474
2020,Kjela_G1,numeric__spread_Kjela_G1,1.557468023999339
2020,Kjela_G1,numeric__rank_fill_Kjela_G1,0.30026754800700367
2020,Kjela_G1,numeric__spread_t_Kjela_G1,1.217205657883697
2020,Kjela_G1,categorical__hour_0.0,0.1440043040362095
2020,Kjela_G1,categorical__hour_1.0,0.24125040193371466
2020,Kjela_G1,categorical__hour_2.0,0.1983265841238255
2020,Kjela_G1,categorical__hour_3.0,0.22252293095917275
2020,Kjela_G1,categorical__hour_4.0,0.1909362891845479
2020,Kjela_G1,categorical__hour_5.0,0.0932856323567832
2020,Kjela_G1,categorical__hour_6.0,0.08095552069572509
2020,Kjela_G1,categorical__hour_7.0,-0.020257984278465264
2020,Kjela_G1,categorical__hour_8.0,-0.15815233985342775
2020,Kjela_G1,categorical__hour_9.0,-0.13751349423677234
2020,Kjela_G1,categorical__hour_10.0,-0.09879252504817036
2020,Kjela_G1,categorical__hour_11.0,-0.038603310530898154
2020,Kjela_G1,categorical__hour_12.0,0.020531886136251606
2020,Kjela_G1,categorical__hour_13.0,0.05056627764751707
2020,Kjela_G1,categorical__hour_14.0,0.08306690029678786
2020,Kjela_G1,categorical__hour_15.0,0.09491481722859174
2020,Kjela_G1,categorical__hour_16.0,0.014301648867399935
2020,Kjela_G1,categorical__hour_17.0,-0.10192661701425505
2020,Kjela_G1,categorical__hour_18.0,-0.12504609407765202
2020,Kjela_G1,categorical__hour_19.0,-0.08079133521310608
2020,Kjela_G1,categorical__hour_20.0,-0.028280799516327053
2020,Kjela_G1,categorical__hour_21.0,-0.008043251840918825
2020,Kjela_G1,categorical__hour_22.0,0.006899838564537124
2020,Kjela_G1,categorical__hour_23.0,0.1702797292227171
2020,Kjela_G1,categorical__weekday_0.0,0.1738172820648734
2020,Kjela_G1,categorical__weekday_1.0,0.11081633783631033
2020,Kjela_G1,categorical__weekday_2.0,0.039637115024561034
2020,Kjela_G1,categorical__weekday_3.0,0.1502691789146649
2020,Kjela_G1,categorical__weekday_4.0,0.1173113357556417
2020,Kjela_G1,categorical__weekday_5.0,0.09690920754408663
2020,Kjela_G1,categorical__weekday_6.0,0.12567455250366166
2020,Kjela_G1,categorical__season_0.0,-0.4761006979571486
2020,Kjela_G1,categorical__season_1.0,0.8559965832683666
2020,Kjela_G1,categorical__season_2.0,0.6096527361059911
2020,Kjela_G1,categorical__season_3.0,-0.175113611773412
2020,Vesle Kjela_G1,numeric__t,0.04801251761075295
2020,Vesle Kjela_G1,numeric__doy_sin,0.22025910555082354
2020,Vesle Kjela_G1,numeric__doy_cos,0.03771829486795977
2020,Vesle Kjela_G1,numeric__price,0.8322508749456542
2020,Vesle Kjela_G1,numeric__price_rank,-0.20233154060421638
2020,Vesle Kjela_G1,numeric__price_minus_mean,-0.05246209834921646
2020,Vesle Kjela_G1,numeric__price_week_mean,0.9096664136420753
2020,Vesle Kjela_G1,numeric__wv_Vesle Kjela_G1,-4.057610603566359
2020,Vesle Kjela_G1,numeric__fill_Vesle Kjela_G1,0.2288679511085871
2020,Vesle Kjela_G1,numeric__inflow_Vesle Kjela_G1,0.20078984612763423
2020,Vesle Kjela_G1,numeric__spread_Vesle Kjela_G1,5.631397182917257
2020,Vesle Kjela_G1,numeric__rank_fill_Vesle Kjela_G1,0.21677345234533027
2020,Vesle Kjela_G1,numeric__spread_t_Vesle Kjela_G1,1.2865824122197205
2020,Vesle Kjela_G1,categorical__hour_0.0,0.27138940695157193
2020,Vesle Kjela_G1,categorical__hour_1.0,0.5489860498258831
2020,Vesle Kjela_G1,categorical__hour_2.0,0.673259620777174
2020,Vesle Kjela_G1,categorical__hour_3.0,0.764715451155581
2020,Vesle Kjela_G1,categorical__hour_4.0,0.7230947425336295
2020,Vesle Kjela_G1,categorical__hour_5.0,0.3602509165029369
2020,Vesle Kjela_G1,categorical__hour_6.0,0.06775401988725235
2020,Vesle Kjela_G1,categorical__hour_7.0,-0.2987641093322539
2020,Vesle Kjela_G1,categorical__hour_8.0,-0.6121735335679539
2020,Vesle Kjela_G1,categorical__hour_9.0,-0.5640881684148162
2020,Vesle Kjela_G1,categorical__hour_10.0,-0.42927597996465966
2020,Vesle Kjela_G1,categorical__hour_11.0,-0.291082937279643
2020,Vesle Kjela_G1,categorical__hour_12.0,-0.17687877715746303
2020,Vesle Kjela_G1,categorical__hour_13.0,-0.05771635576780939
2020,Vesle Kjela_G1,categorical__hour_14.0,0.019035255972889402
2020,Vesle Kjela_G1,categorical__hour_15.0,0.03044109550194167
2020,Vesle Kjela_G1,categorical__hour_16.0,-0.10609236502095062
2020,Vesle Kjela_G1,categorical__hour_17.0,-0.33820613740778277
2020,Vesle Kjela_G1,categorical__hour_18.0,-0.46446145994765814
2020,Vesle Kjela_G1,categorical__hour_19.0,-0.42318320292276235
2020,Vesle Kjela_G1,categorical__hour_20.0,-0.31335976694964074
2020,Vesle Kjela_G1,categorical__hour_21.0,-0.21394929081461989
2020,Vesle Kjela_G1,categorical__hour_22.0,-0.09176321023446318
2020,Vesle Kjela_G1,categorical__hour_23.0,0.20916158520243278
2020,Vesle Kjela_G1,categorical__weekday_0.0,-0.10476191649120242
2020,Vesle Kjela_G1,categorical__weekday_1.0,0.016312949766033504
2020,Vesle Kjela_G1,categorical__weekday_2.0,0.030183557855781574
2020,Vesle Kjela_G1,categorical__weekday_3.0,0.025065662582068285
2020,Vesle Kjela_G1,categorical__weekday_4.0,-0.05422967458011597
2020,Vesle Kjela_G1,categorical__weekday_5.0,-0.27580297259817865
2020,Vesle Kjela_G1,categorical__weekday_6.0,-0.34967475700556105
2020,Vesle Kjela_G1,categorical__season_0.0,0.02693040915428961
2020,Vesle Kjela_G1,categorical__season_1.0,0.1191401652623968
2020,Vesle Kjela_G1,categorical__season_2.0,0.07763504694784477
2020,Vesle Kjela_G1,categorical__season_3.0,-0.9366127718356887
2021,Hogga_G1,numeric__t,0.048724075417267206
2021,Hogga_G1,numeric__doy_sin,0.22086423041186484
2021,Hogga_G1,numeric__doy_cos,-0.0841606379459397
2021,Hogga_G1,numeric__price,0.20716350697329036
2021,Hogga_G1,numeric__price_rank,0.00043476015760560523
2021,Hogga_G1,numeric__price_minus_mean,0.37596638192793436
2021,Hogga_G1,numeric__price_week_mean,0.10383830864268748
2021,Hogga_G1,numeric__wv_Hogga_G1,-0.44755459947082044
2021,Hogga_G1,numeric__fill_Hogga_G1,0.5605461146551839
2021,Hogga_G1,numeric__inflow_Hogga_G1,0.6970314794290233
2021,Hogga_G1,numeric__spread_Hogga_G1,0.7073639163342427
2021,Hogga_G1,numeric__rank_fill_Hogga_G1,0.06280961201312621
2021,Hogga_G1,numeric__spread_t_Hogga_G1,0.8872649871615632
2021,Hogga_G1,categorical__hour_0.0,0.11495235841100357
2021,Hogga_G1,categorical__hour_1.0,0.21488643276394423
2021,Hogga_G1,categorical__hour_2.0,0.26463774705808235
2021,Hogga_G1,categorical__hour_3.0,0.3120610124930419
2021,Hogga_G1,categorical__hour_4.0,0.2931041366427889
2021,Hogga_G1,categorical__hour_5.0,0.141301647334448
2021,Hogga_G1,categorical__hour_6.0,0.03181562739228198
2021,Hogga_G1,categorical__hour_7.0,-0.05474401373259537
2021,Hogga_G1,categorical__hour_8.0,-0.16474583475351742
2021,Hogga_G1,categorical__hour_9.0,-0.13983697182750465
2021,Hogga_G1,categorical__hour_10.0,-0.0900737550589887
2021,Hogga_G1,categorical__hour_11.0,-0.04519173681277499
2021,Hogga_G1,categorical__hour_12.0,-0.009092178188660989
2021,Hogga_G1,categorical__hour_13.0,0.031105004168575694
2021,Hogga_G1,categorical__hour_14.0,0.06372182132238402
2021,Hogga_G1,categorical__hour_15.0,0.07331401019085085
2021,Hogga_G1,categorical__hour_16.0,0.021160958452015783
2021,Hogga_G1,categorical__hour_17.0,-0.07011095108512037
2021,Hogga_G1,categorical__hour_18.0,-0.10061327299760903
2021,Hogga_G1,categorical__hour_19.0,-0.0946268279154454
2021,Hogga_G1,categorical__hour_20.0,-0.08473599363469449
2021,Hogga_G1,categorical__hour_21.0,-0.07338525570309018
2021,Hogga_G1,categorical__hour_22.0,-0.029290222856820265
2021,Hogga_G1,categorical__hour_23.0,0.08963117103714628
2021,Hogga_G1,categorical__weekday_0.0,0.06955860082023663
2021,Hogga_G1,categorical__weekday_1.0,0.17814165566838883
2021,Hogga_G1,categorical__weekday_2.0,0.16096927577163803
2021,Hogga_G1,categorical__weekday_3.0,0.18302355532583747
2021,Hogga_G1,categorical__weekday_4.0,0.16041599184038302
2021,Hogga_G1,categorical__weekday_5.0,0.012142101940884054
2021,Hogga_G1,categorical__weekday_6.0,-0.0690062686676196
2021,Hogga_G1,categorical__season_0.0,0.14246666495033097
2021,Hogga_G1,categorical__season_1.0,-0.30007500161752815
2021,Hogga_G1,categorical__season_2.0,0.08466409624809679
2021,Hogga_G1,categorical__season_3.0,0.7681891531188426
2021,Tokke_G1,numeric__t,-0.007527585589862562
2021,Tokke_G1,numeric__doy_sin,-0.23847125742458403
2021,Tokke_G1,numeric__doy_cos,-0.17140894772538268
2021,Tokke_G1,numeric__price,0.33731705947917745
2021,Tokke_G1,numeric__price_rank,0.34977406052402965
2021,Tokke_G1,numeric__price_minus_mean,0.42195576669377954
2021,Tokke_G1,numeric__price_week_mean,0.22593525851324833
2021,Tokke_G1,numeric__wv_Tokke_G1,-1.0222339266182743
2021,Tokke_G1,numeric__fill_Tokke_G1,0.21190850931102553
2021,Tokke_G1,numeric__inflow_Tokke_G1,1.9000605674815154
2021,Tokke_G1,numeric__spread_Tokke_G1,1.4235118184863815
2021,Tokke_G1,numeric__rank_fill_Tokke_G1,0.3556701320604176
2021,Tokke_G1,numeric__spread_t_Tokke_G1,0.2953490112945365
2021,Tokke_G1,categorical__hour_0.0,0.0782043660570014
2021,Tokke_G1,categorical__hour_1.0,0.2534113287464554
2021,Tokke_G1,categorical__hour_2.0,0.3479595396700092
2021,Tokke_G1,categorical__hour_3.0,0.417881223458842
2021,Tokke_G1,categorical__hour_4.0,0.33801787311826176
2021,Tokke_G1,categorical__hour_5.0,0.11998429351671551
2021,Tokke_G1,categorical__hour_6.0,0.09284212489798778
2021,Tokke_G1,categorical__hour_7.0,-0.027531189260529595
2021,Tokke_G1,categorical__hour_8.0,-0.17397777170939316
2021,Tokke_G1,categorical__hour_9.0,-0.17332953245941024
2021,Tokke_G1,categorical__hour_10.0,-0.12693731310760742
2021,Tokke_G1,categorical__hour_11.0,-0.03347269776861901
2021,Tokke_G1,categorical__hour_12.0,0.07806361369221494
2021,Tokke_G1,categorical__hour_13.0,0.16520158847633992
2021,Tokke_G1,categorical__hour_14.0,0.22954711381579923
2021,Tokke_G1,categorical__hour_15.0,0.2441870270686365
2021,Tokke_G1,categorical__hour_16.0,0.10893234199328279
2021,Tokke_G1,categorical__hour_17.0,-0.09198211067707948
2021,Tokke_G1,categorical__hour_18.0,-0.18683268005244394
2021,Tokke_G1,categorical__hour_19.0,-0.17905075830983963
2021,Tokke_G1,categorical__hour_20.0,-0.09836054607598042
2021,Tokke_G1,categorical__hour_21.0,-0.06319573601285614
2021,Tokke_G1,categorical__hour_22.0,-0.0151437779427088
2021,Tokke_G1,categorical__hour_23.0,0.16148464670873916
2021,Tokke_G1,categorical__weekday_0.0,0.2675063030034531
2021,Tokke_G1,categorical__weekday_1.0,0.27518655134633635
2021,Tokke_G1,categorical__weekday_2.0,0.2489190660921524
2021,Tokke_G1,categorical__weekday_3.0,0.20993077754626338
2021,Tokke_G1,categorical__weekday_4.0,0.25587279924284195
2021,Tokke_G1,categorical__weekday_5.0,0.11817730816201139
2021,Tokke_G1,categorical__weekday_6.0,0.090310162450751
2021,Tokke_G1,categorical__season_0.0,0.8035044261488529
2021,Tokke_G1,categorical__season_1.0,0.30299637221089043
2021,Tokke_G1,categorical__season_2.0,0.10123901351266325
2021,Tokke_G1,categorical__season_3.0,0.2581631559714335
2021,Tokke_G2,numeric__t,-0.020379530320475358
2021,Tokke_G2,numeric__doy_sin,-0.02338380138076783
2021,Tokke_G2,numeric__doy_cos,0.24736824775002303
2021,Tokke_G2,numeric__price,0.18047799946287463
2021,Tokke_G2,numeric__price_rank,0.5681088604377981
2021,Tokke_G2,numeric__price_minus_mean,0.20940779309272595
2021,Tokke_G2,numeric__price_week_mean,0.125773392696648
2021,Tokke_G2,numeric__wv_Tokke_G2,-1.180352910170893
2021,Tokke_G2,numeric__fill_Tokke_G2,0.2519806062469866
2021,Tokke_G2,numeric__inflow_Tokke_G2,0.8814935356042887
2021,Tokke_G2,numeric__spread_Tokke_G2,1.493700357842793
2021,Tokke_G2,numeric__rank_fill_Tokke_G2,-0.34015463362505227
2021,Tokke_G2,numeric__spread_t_Tokke_G2,0.9204284739740195
2021,Tokke_G2,categorical__hour_0.0,0.09290181805297285
2021,Tokke_G2,categorical__hour_1.0,0.1990991917733259
2021,Tokke_G2,categorical__hour_2.0,0.2547895415983156
2021,Tokke_G2,categorical__hour_3.0,0.29704707303976546
2021,Tokke_G2,categorical__hour_4.0,0.25210550506906926
2021,Tokke_G2,categorical__hour_5.0,0.099005213688278
2021,Tokke_G2,categorical__hour_6.0,0.024126769474404827
2021,Tokke_G2,categorical__hour_7.0,-0.06639534682229031
2021,Tokke_G2,categorical__hour_8.0,-0.1828732582662497
2021,Tokke_G2,categorical__hour_9.0,-0.16690756010485397
2021,Tokke_G2,categorical__hour_10.0,-0.13945263601446056
2021,Tokke_G2,categorical__hour_11.0,-0.09740605052726578
2021,Tokke_G2,categorical__hour_12.0,-0.05019558565894737
2021,Tokke_G2,categorical__hour_13.0,-0.008690564984214928
2021,Tokke_G2,categorical__hour_14.0,0.03176677867583664
2021,Tokke_G2,categorical__hour_15.0,0.04259192486607176
2021,Tokke_G2,categorical__hour_16.0,-0.02584624482558709
2021,Tokke_G2,categorical__hour_17.0,-0.13465114754848087
2021,Tokke_G2,categorical__hour_18.0,-0.17205544001909098
2021,Tokke_G2,categorical__hour_19.0,-0.1569256790197325
2021,Tokke_G2,categorical__hour_20.0,-0.11551246098842548
2021,Tokke_G2,categorical__hour_21.0,-0.08242719807921123
2021,Tokke_G2,categorical__hour_22.0,-0.022253884181793058
2021,Tokke_G2,categorical__hour_23.0,0.10226627656244805
2021,Tokke_G2,categorical__weekday_0.0,-0.05361130449608409
2021,Tokke_G2,categorical__weekday_1.0,-0.024494096529337317
2021,Tokke_G2,categorical__weekday_2.0,0.026408285127434324
2021,Tokke_G2,categorical__weekday_3.0,-0.012774235578378446
2021,Tokke_G2,categorical__weekday_4.0,0.03597472478048737
2021,Tokke_G2,categorical__weekday_5.0,0.02874106528174625
2021,Tokke_G2,categorical__weekday_6.0,-0.026137402825987602
2021,Tokke_G2,categorical__season_0.0,0.2006776029196632
2021,Tokke_G2,categorical__season_1.0,-0.11033070651249238
2021,Tokke_G2,categorical__season_2.0,0.1443990564253151
2021,Tokke_G2,categorical__season_3.0,-0.2606389170726094
2021,Tokke_G3,numeric__t,0.014859063671514782
2021,Tokke_G3,numeric__doy_sin,-0.039933492491884555
2021,Tokke_G3,numeric__doy_cos,0.026445380925926337
2021,Tokke_G3,numeric__price,0.27603916604653395
2021,Tokke_G3,numeric__price_rank,0.5678587742511187
2021,Tokke_G3,numeric__price_minus_mean,0.3301143195705495
2021,Tokke_G3,numeric__price_week_mean,0.18943148139764165
2021,Tokke_G3,numeric__wv_Tokke_G3,-1.1391952812110875
2021,Tokke_G3,numeric__fill_Tokke_G3,0.23059283807376782
2021,Tokke_G3,numeric__inflow_Tokke_G3,1.4351074439003588
2021,Tokke_G3,numeric__spread_Tokke_G3,1.5147120928424094
2021,Tokke_G3,numeric__rank_fill_Tokke_G3,-0.2021061258626446
2021,Tokke_G3,numeric__spread_t_Tokke_G3,0.7680706375265381
2021,Tokke_G3,categorical__hour_0.0,0.1043608093470935
2021,Tokke_G3,categorical__hour_1.0,0.22237219598208424
2021,Tokke_G3,categorical__hour_2.0,0.2837780787915525
2021,Tokke_G3,categorical__hour_3.0,0.3347457945166093
2021,Tokke_G3,categorical__hour_4.0,0.2764555231944063
2021,Tokke_G3,categorical__hour_5.0,0.08626238953837378
2021,Tokke_G3,categorical__hour_6.0,0.05786842535748244
2021,Tokke_G3,categorical__hour_7.0,-0.0424499833153722
2021,Tokke_G3,categorical__hour_8.0,-0.18059270733728866
2021,Tokke_G3,categorical__hour_9.0,-0.16241696230308159
2021,Tokke_G3,categorical__hour_10.0,-0.1277864716198289
2021,Tokke_G3,categorical__hour_11.0,-0.07972483712401325
2021,Tokke_G3,categorical__hour_12.0,-0.006680758344426044
2021,Tokke_G3,categorical__hour_13.0,0.048601952903503484
2021,Tokke_G3,categorical__hour_14.0,0.10401104015491058
2021,Tokke_G3,categorical__hour_15.0,0.11910592935742292
2021,Tokke_G3,categorical__hour_16.0,0.02857631595353771
2021,Tokke_G3,categorical__hour_17.0,-0.12251841364638406
2021,Tokke_G3,categorical__hour_18.0,-0.17865523783468776
2021,Tokke_G3,categorical__hour_19.0,-0.15399464772362695
2021,Tokke_G3,categorical__hour_20.0,-0.09928152514468237
2021,Tokke_G3,categorical__hour_21.0,-0.05299315697107948
2021,Tokke_G3,categorical__hour_22.0,0.006579186167591001
2021,Tokke_G3,categorical__hour_23.0,0.1459141374277457
2021,Tokke_G3,categorical__weekday_0.0,0.09767907765788143
2021,Tokke_G3,categorical__weekday_1.0,0.14795549720829823
2021,Tokke_G3,categorical__weekday_2.0,0.11325288871399705
2021,Tokke_G3,categorical__weekday_3.0,0.07635543779719002
2021,Tokke_G3,categorical__weekday_4.0,0.10227662391835059
2021,Tokke_G3,categorical__weekday_5.0,0.04971465271800748
2021,Tokke_G3,categorical__weekday_6.0,0.024302899314091835
2021,Tokke_G3,categorical__season_0.0,0.5359281163569589
2021,Tokke_G3,categorical__season_1.0,-0.1343151001972158
2021,Tokke_G3,categorical__season_2.0,0.16014671602086175
2021,Tokke_G3,categorical__season_3.0,0.049777345147221416
2021,Tokke_G4,numeric__t,-0.04295043685259859
2021,Tokke_G4,numeric__doy_sin,-0.007523874968095907
2021,Tokke_G4,numeric__doy_cos,0.23743149317252074
2021,Tokke_G4,numeric__price,0.22567585294569364
2021,Tokke_G4,numeric__price_rank,0.4967943022275423
2021,Tokke_G4,numeric__price_minus_mean,0.2676461936759989
2021,Tokke_G4,numeric__price_week_mean,0.15553893381600903
2021,Tokke_G4,numeric__wv_Tokke_G4,-1.238152483309481
2021,Tokke_G4,numeric__fill_Tokke_G4,0.25735519436017673
2021,Tokke_G4,numeric__inflow_Tokke_G4,0.970523142513211
2021,Tokke_G4,numeric__spread_Tokke_G4,1.5929376108347428
2021,Tokke_G4,numeric__rank_fill_Tokke_G4,-0.25574200743806663
2021,Tokke_G4,numeric__spread_t_Tokke_G4,0.3765910266135219
2021,Tokke_G4,categorical__hour_0.0,0.08060154916796834
2021,Tokke_G4,categorical__hour_1.0,0.20112886356462267
2021,Tokke_G4,categorical__hour_2.0,0.2578875970451298
2021,Tokke_G4,categorical__hour_3.0,0.3030176351063909
2021,Tokke_G4,categorical__hour_4.0,0.2609696708571624
2021,Tokke_G4,categorical__hour_5.0,0.12519535532142237
2021,Tokke_G4,categorical__hour_6.0,0.04746886648753617
2021,Tokke_G4,categorical__hour_7.0,-0.04800721424479002
2021,Tokke_G4,categorical__hour_8.0,-0.1649188763938094
2021,Tokke_G4,categorical__hour_9.0,-0.1437918929712728
2021,Tokke_G4,categorical__hour_10.0,-0.12798334847552012
2021,Tokke_G4,categorical__hour_11.0,-0.09217879581386278
2021,Tokke_G4,categorical__hour_12.0,-0.045306514180788966
2021,Tokke_G4,categorical__hour_13.0,0.010403907827382299
2021,Tokke_G4,categorical__hour_14.0,0.04816341589880845
2021,Tokke_G4,categorical__hour_15.0,0.05810675683258169
2021,Tokke_G4,categorical__hour_16.0,-0.019728121077453344
2021,Tokke_G4,categorical__hour_17.0,-0.12966955163049573
2021,Tokke_G4,categorical__hour_18.0,-0.1696816665492804
2021,Tokke_G4,categorical__hour_19.0,-0.16125641939416707
2021,Tokke_G4,categorical__hour_20.0,-0.1303576174712418
2021,Tokke_G4,categorical__hour_21.0,-0.0952286241055379
2021,Tokke_G4,categorical__hour_22.0,-0.04226768878519692
2021,Tokke_G4,categorical__hour_23.0,0.08247973170337988
2021,Tokke_G4,categorical__weekday_0.0,-0.023822829275376607
2021,Tokke_G4,categorical__weekday_1.0,-0.018959378420106365
2021,Tokke_G4,categorical__weekday_2.0,0.05954266429474721
2021,Tokke_G4,categorical__weekday_3.0,0.022236514006752476
2021,Tokke_G4,categorical__weekday_4.0,0.024017595460917723
2021,Tokke_G4,categorical__weekday_5.0,0.028448870153898846
2021,Tokke_G4,categorical__weekday_6.0,0.01358358249812808
2021,Tokke_G4,categorical__season_0.0,0.21797012871242175
2021,Tokke_G4,categorical__season_1.0,-0.1104446575053127
2021,Tokke_G4,categorical__season_2.0,0.1700008306529178
2021,Tokke_G4,categorical__season_3.0,-0.1724792831410543
2021,Lio_G1,numeric__t,0.007822326494151663
2021,Lio_G1,numeric__doy_sin,1.0058042045916187
2021,Lio_G1,numeric__doy_cos,0.44642662225241464
2021,Lio_G1,numeric__price,0.39653959608084516
2021,Lio_G1,numeric__price_rank,-0.04986664703175418
2021,Lio_G1,numeric__price_minus_mean,0.24175591896615795
2021,Lio_G1,numeric__price_week_mean,0.3416116466830814
2021,Lio_G1,numeric__wv_Lio_G1,-0.7245590448508875
2021,Lio_G1,numeric__fill_Lio_G1,0.9846301734587622
2021,Lio_G1,numeric__inflow_Lio_G1,-0.291587891791064
2021,Lio_G1,numeric__spread_Lio_G1,1.2073017789088025
2021,Lio_G1,numeric__rank_fill_Lio_G1,0.15588463382843862
2021,Lio_G1,numeric__spread_t_Lio_G1,0.18530742514573423
2021,Lio_G1,categorical__hour_0.0,0.16011295738529147
2021,Lio_G1,categorical__hour_1.0,0.2708740402205004
2021,Lio_G1,categorical__hour_2.0,0.3282519967410545
2021,Lio_G1,categorical__hour_3.0,0.36915146888374767
2021,Lio_G1,categorical__hour_4.0,0.34344952303787335
2021,Lio_G1,categorical__hour_5.0,0.21274250839220143
2021,Lio_G1,categorical__hour_6.0,0.11840175871284353
2021,Lio_G1,categorical__hour_7.0,-0.013745156292814089
2021,Lio_G1,categorical__hour_8.0,-0.10158702083896903
2021,Lio_G1,categorical__hour_9.0,-0.0980835759871243
2021,Lio_G1,categorical__hour_10.0,-0.07622172372200052
2021,Lio_G1,categorical__hour_11.0,-0.03938957379375677
2021,Lio_G1,categorical__hour_12.0,0.001682665722133272
2021,Lio_G1,categorical__hour_13.0,0.04133902399710536
2021,Lio_G1,categorical__hour_14.0,0.07699871378228539
2021,Lio_G1,categorical__hour_15.0,0.10307447990952313
2021,Lio_G1,categorical__hour_16.0,0.06276285165192134
2021,Lio_G1,categorical__hour_17.0,0.0072866386653764785
2021,Lio_G1,categorical__hour_18.0,-0.007734169375002492
2021,Lio_G1,categorical__hour_19.0,-0.01487292838243639
2021,Lio_G1,categorical__hour_20.0,0.002403302144897289
2021,Lio_G1,categorical__hour_21.0,0.0363475107762464
2021,Lio_G1,categorical__hour_22.0,0.07701978014315584
2021,Lio_G1,categorical__hour_23.0,0.15629102109383425
2021,Lio_G1,categorical__weekday_0.0,0.29589417648606764
2021,Lio_G1,categorical__weekday_1.0,0.2965185315942476
2021,Lio_G1,categorical__weekday_2.0,0.2683473794511118
2021,Lio_G1,categorical__weekday_3.0,0.24780140749786
2021,Lio_G1,categorical__weekday_4.0,0.2519003130806955
2021,Lio_G1,categorical__weekday_5.0,0.32430668616868863
2021,Lio_G1,categorical__weekday_6.0,0.3317875985892075
2021,Lio_G1,categorical__season_0.0,0.4723115400916913
2021,Lio_G1,categorical__season_1.0,-0.10333311858621601
2021,Lio_G1,categorical__season_2.0,0.5161451113903134
2021,Lio_G1,categorical__season_3.0,1.1314325599720791
2021,Byrte_G1,numeric__t,0.005496949337110517
2021,Byrte_G1,numeric__doy_sin,0.7218521997320934
2021,Byrte_G1,numeric__doy_cos,0.39196719070907415
2021,Byrte_G1,numeric__price,1.5690913535623798
2021,Byrte_G1,numeric__price_rank,0.17688210643613
2021,Byrte_G1,numeric__price_minus_mean,-0.031844109812485616
2021,Byrte_G1,numeric__price_week_mean,1.6472096427625906
2021,Byrte_G1,numeric__wv_Byrte_G1,-5.42698015276689
2021,Byrte_G1,numeric__fill_Byrte_G1,1.2275333891836049
2021,Byrte_G1,numeric__inflow_Byrte_G1,0.5205917920699282
2021,Byrte_G1,numeric__spread_Byrte_G1,7.86894295958693
2021,Byrte_G1,numeric__rank_fill_Byrte_G1,-0.22308671664816138
2021,Byrte_G1,numeric__spread_t_Byrte_G1,-0.9682265729667966
2021,Byrte_G1,categorical__hour_0.0,0.21253191160774626
2021,Byrte_G1,categorical__hour_1.0,0.4411938839146561
2021,Byrte_G1,categorical__hour_2.0,0.5884469514228574
2021,Byrte_G1,categorical__hour_3.0,0.6958425644702352
2021,Byrte_G1,categorical__hour_4.0,0.6727493680053032
2021,Byrte_G1,categorical__hour_5.0,0.3641235609041034
2021,Byrte_G1,categorical__hour_6.0,0.09648491374350156
2021,Byrte_G1,categorical__hour_7.0,-0.186007865938247
2021,Byrte_G1,categorical__hour_8.0,-0.47208930509984043
2021,Byrte_G1,categorical__hour_9.0,-0.41613347152219315
2021,Byrte_G1,categorical__hour_10.0,-0.3053293270100283
2021,Byrte_G1,categorical__hour_11.0,-0.19462468106697675
2021,Byrte_G1,categorical__hour_12.0,-0.06874324258700927
2021,Byrte_G1,categorical__hour_13.0,0.01216687516267986
2021,Byrte_G1,categorical__hour_14.0,0.07657958475777153
2021,Byrte_G1,categorical__hour_15.0,0.10112271295441698
2021,Byrte_G1,categorical__hour_16.0,-0.008535597744470482
2021,Byrte_G1,categorical__hour_17.0,-0.20695922268236874
2021,Byrte_G1,categorical__hour_18.0,-0.2850384755609147
2021,Byrte_G1,categorical__hour_19.0,-0.2613909739890316
2021,Byrte_G1,categorical__hour_20.0,-0.22930274513374319
2021,Byrte_G1,categorical__hour_21.0,-0.17242442048829232
2021,Byrte_G1,categorical__hour_22.0,-0.05803325777213778
2021,Byrte_G1,categorical__hour_23.0,0.15765532530846282
2021,Byrte_G1,categorical__weekday_0.0,0.028052232928684917
2021,Byrte_G1,categorical__weekday_1.0,0.21799588289490449
2021,Byrte_G1,categorical__weekday_2.0,0.23095710089779936
2021,Byrte_G1,categorical__weekday_3.0,0.17023627118791276
2021,Byrte_G1,categorical__weekday_4.0,0.15522201050384152
2021,Byrte_G1,categorical__weekday_5.0,-0.08760541428569205
2021,Byrte_G1,categorical__weekday_6.0,-0.16057301847101974
2021,Byrte_G1,categorical__season_0.0,0.30271635761377635
2021,Byrte_G1,categorical__season_1.0,0.4269943282125308
2021,Byrte_G1,categorical__season_2.0,0.3908826512948112
2021,Byrte_G1,categorical__season_3.0,-0.5663082714646562
2021,Vinje_G1,numeric__t,-0.005843713038678076
2021,Vinje_G1,numeric__doy_sin,0.3526882838637001
2021,Vinje_G1,numeric__doy_cos,0.16516503125453905
2021,Vinje_G1,numeric__price,0.12678161968970045
2021,Vinje_G1,numeric__price_rank,-0.03407029695416747
2021,Vinje_G1,numeric__price_minus_mean,0.3919547977848723
2021,Vinje_G1,numeric__price_week_mean,0.015163090493184076
2021,Vinje_G1,numeric__wv_Vinje_G1,-0.3507344072050037
2021,Vinje_G1,numeric__fill_Vinje_G1,0.25857575118819626
2021,Vinje_G1,numeric__inflow_Vinje_G1,-0.24621419832416386
2021,Vinje_G1,numeric__spread_Vinje_G1,0.5291179837972833
2021,Vinje_G1,numeric__rank_fill_Vinje_G1,0.2660185764046193
2021,Vinje_G1,numeric__spread_t_Vinje_G1,0.23042972861221586
2021,Vinje_G1,categorical__hour_0.0,-0.031948762410614326
2021,Vinje_G1,categorical__hour_1.0,0.006152113880605406
2021,Vinje_G1,categorical__hour_2.0,0.022441102019876577
2021,Vinje_G1,categorical__hour_3.0,0.05285613397799938
2021,Vinje_G1,categorical__hour_4.0,0.020075545520035824
2021,Vinje_G1,categorical__hour_5.0,-0.00788840694280598
2021,Vinje_G1,categorical__hour_6.0,0.03762853422587228
2021,Vinje_G1,categorical__hour_7.0,-0.023415508496233688
2021,Vinje_G1,categorical__hour_8.0,-0.09495910023233675
2021,Vinje_G1,categorical__hour_9.0,-0.06780243465402105
2021,Vinje_G1,categorical__hour_10.0,-0.03773591601030193
2021,Vinje_G1,categorical__hour_11.0,-0.010104278933200221
2021,Vinje_G1,categorical__hour_12.0,0.026579854787589022
2021,Vinje_G1,categorical__hour_13.0,0.04966003187735728
2021,Vinje_G1,categorical__hour_14.0,0.08242654913195853
2021,Vinje_G1,categorical__hour_15.0,0.087220813117254
2021,Vinje_G1,categorical__hour_16.0,0.04389854589892967
2021,Vinje_G1,categorical__hour_17.0,-0.02463867251299548
2021,Vinje_G1,categorical__hour_18.0,-0.04494849058668619
2021,Vinje_G1,categorical__hour_19.0,-0.03853079822683342
2021,Vinje_G1,categorical__hour_20.0,-0.013652385272934952
2021,Vinje_G1,categorical__hour_21.0,-0.0026343070595163413
2021,Vinje_G1,categorical__hour_22.0,0.0073801704437319576
2021,Vinje_G1,categorical__hour_23.0,0.03050467764372114
2021,Vinje_G1,categorical__weekday_0.0,-0.0045716600521584026
2021,Vinje_G1,categorical__weekday_1.0,-0.025787520625296653
2021,Vinje_G1,categorical__weekday_2.0,-0.05814890490927866
2021,Vinje_G1,categorical__weekday_3.0,0.018818067580481504
2021,Vinje_G1,categorical__weekday_4.0,0.08679723811268426
2021,Vinje_G1,categorical__weekday_5.0,0.057495209953787915
2021,Vinje_G1,categorical__weekday_6.0,-0.0060374188737646745
2021,Vinje_G1,categorical__season_0.0,-0.21666199297057304
2021,Vinje_G1,categorical__season_1.0,-0.2476931179051202
2021,Vinje_G1,categorical__season_2.0,0.42441866898513436
2021,Vinje_G1,categorical__season_3.0,0.10850145307701313
2021,Vinje_G2,numeric__t,-0.018312113704506458
2021,Vinje_G2,numeric__doy_sin,0.40266604391053673
2021,Vinje_G2,numeric__doy_cos,0.1576387787496599
2021,Vinje_G2,numeric__price,0.09020913644151436
2021,Vinje_G2,numeric__price_rank,0.021338419707765854
2021,Vinje_G2,numeric__price_minus_mean,0.403058233343022
2021,Vinje_G2,numeric__price_week_mean,-0.026327351992172444
2021,Vinje_G2,numeric__wv_Vinje_G2,-0.33986497609122707
2021,Vinje_G2,numeric__fill_Vinje_G2,0.2788474330559432
2021,Vinje_G2,numeric__inflow_Vinje_G2,-0.3176004235903302
2021,Vinje_G2,numeric__spread_Vinje_G2,0.4888796674957414
2021,Vinje_G2,numeric__rank_fill_Vinje_G2,0.18492972778848288
2021,Vinje_G2,numeric__spread_t_Vinje_G2,0.2884149040250713
2021,Vinje_G2,categorical__hour_0.0,-0.08166026789818573
2021,Vinje_G2,categorical__hour_1.0,-0.048598585506654524
2021,Vinje_G2,categorical__hour_2.0,-0.04303977641310194
2021,Vinje_G2,categorical__hour_3.0,-0.018744894556352833
2021,Vinje_G2,categorical__hour_4.0,-0.05026828299738091
2021,Vinje_G2,categorical__hour_5.0,-0.09136543459456015
2021,Vinje_G2,categorical__hour_6.0,0.016448880244152538
2021,Vinje_G2,categorical__hour_7.0,-0.022895412453847887
2021,Vinje_G2,categorical__hour_8.0,-0.0872934729709991
2021,Vinje_G2,categorical__hour_9.0,-0.05237800158563385
2021,Vinje_G2,categorical__hour_10.0,-0.026463165787318003
2021,Vinje_G2,categorical__hour_11.0,0.012563552317921278
2021,Vinje_G2,categorical__hour_12.0,0.041061558244532684
2021,Vinje_G2,categorical__hour_13.0,0.06619920652516
2021,Vinje_G2,categorical__hour_14.0,0.09104884788571578
2021,Vinje_G2,categorical__hour_15.0,0.09842495758432031
2021,Vinje_G2,categorical__hour_16.0,0.053978845845671836
2021,Vinje_G2,categorical__hour_17.0,-0.012243447852789526
2021,Vinje_G2,categorical__hour_18.0,-0.031048236699052354
2021,Vinje_G2,categorical__hour_19.0,-0.016602318723122452
2021,Vinje_G2,categorical__hour_20.0,-0.0003442192070929143
2021,Vinje_G2,categorical__hour_21.0,0.007725978742670562
2021,Vinje_G2,categorical__hour_22.0,-0.002077204498953185
2021,Vinje_G2,categorical__hour_23.0,0.002132687186092861
2021,Vinje_G2,categorical__weekday_0.0,-0.04502335091796209
2021,Vinje_G2,categorical__weekday_1.0,-0.0618981204840126
2021,Vinje_G2,categorical__weekday_2.0,-0.0848194531425376
2021,Vinje_G2,categorical__weekday_3.0,-0.04381666274089059
2021,Vinje_G2,categorical__weekday_4.0,0.038331502770864744
2021,Vinje_G2,categorical__weekday_5.0,0.044736095501154705
2021,Vinje_G2,categorical__weekday_6.0,-0.042948218155416454
2021,Vinje_G2,categorical__season_0.0,-0.3397887898902153
2021,Vinje_G2,categorical__season_1.0,-0.3143154578918355
2021,Vinje_G2,categorical__season_2.0,0.3469372210407821
2021,Vinje_G2,categorical__season_3.0,0.11172881957246272
2021,Vinje_G3,numeric__t,0.03767544023872452
2021,Vinje_G3,numeric__doy_sin,0.46247172461780783
2021,Vinje_G3,numeric__doy_cos,0.23004065435417329
2021,Vinje_G3,numeric__price,0.06048634145757706
2021,Vinje_G3,numeric__price_rank,0.0742724897540622
2021,Vinje_G3,numeric__price_minus_mean,0.39211727677552005
2021,Vinje_G3,numeric__price_week_mean,-0.054079200952434944
2021,Vinje_G3,numeric__wv_Vinje_G3,-0.35578495389694625
2021,Vinje_G3,numeric__fill_Vinje_G3,0.3248499360475191
2021,Vinje_G3,numeric__inflow_Vinje_G3,-0.40108298331819736
2021,Vinje_G3,numeric__spread_Vinje_G3,0.4869861280331237
2021,Vinje_G3,numeric__rank_fill_Vinje_G3,0.060613113282911385
2021,Vinje_G3,numeric__spread_t_Vinje_G3,0.3916220817275846
2021,Vinje_G3,categorical__hour_0.0,-0.21888467497339542
2021,Vinje_G3,categorical__hour_1.0,-0.23490255778660396
2021,Vinje_G3,categorical__hour_2.0,-0.2621188814674338
2021,Vinje_G3,categorical__hour_3.0,-0.2431036303313925
2021,Vinje_G3,categorical__hour_4.0,-0.2803565445530733
2021,Vinje_G3,categorical__hour_5.0,-0.35807989770908066
2021,Vinje_G3,categorical__hour_6.0,-0.09580644181982413
2021,Vinje_G3,categorical__hour_7.0,0.029895242710020056
2021,Vinje_G3,categorical__hour_8.0,-0.013485986668565311
2021,Vinje_G3,categorical__hour_9.0,0.052038170386707855
2021,Vinje_G3,categorical__hour_10.0,0.0786660140623319
2021,Vinje_G3,categorical__hour_11.0,0.1039450923879355
2021,Vinje_G3,categorical__hour_12.0,0.1115696637968494
2021,Vinje_G3,categorical__hour_13.0,0.11950093436998793
2021,Vinje_G3,categorical__hour_14.0,0.1339935243005527
2021,Vinje_G3,categorical__hour_15.0,0.1237192667926898
2021,Vinje_G3,categorical__hour_16.0,0.0845568200412397
2021,Vinje_G3,categorical__hour_17.0,0.03293601535792255
2021,Vinje_G3,categorical__hour_18.0,0.03529685963655283
2021,Vinje_G3,categorical__hour_19.0,0.04133795573064173
2021,Vinje_G3,categorical__hour_20.0,0.019485258924019793
2021,Vinje_G3,categorical__hour_21.0,-0.016341210467918026
2021,Vinje_G3,categorical__hour_22.0,-0.08375227555954336
2021,Vinje_G3,categorical__hour_23.0,-0.12607355523254
2021,Vinje_G3,categorical__weekday_0.0,-0.09443469445018789
2021,Vinje_G3,categorical__weekday_1.0,-0.2022433343017629
2021,Vinje_G3,categorical__weekday_2.0,-0.12962186651745405
2021,Vinje_G3,categorical__weekday_3.0,-0.14033902443745347
2021,Vinje_G3,categorical__weekday_4.0,-0.07034546523070646
2021,Vinje_G3,categorical__weekday_5.0,-0.12942678907680413
2021,Vinje_G3,categorical__weekday_6.0,-0.19955366405753777
2021,Vinje_G3,categorical__season_0.0,-0.32893417567397154
2021,Vinje_G3,categorical__season_1.0,-0.6836462515633945
2021,Vinje_G3,categorical__season_2.0,0.08907185764374728
2021,Vinje_G3,categorical__season_3.0,-0.04245626847832688
2021,Haukeli_G1,numeric__t,-0.03307158132933042
2021,Haukeli_G1,numeric__doy_sin,0.1354772312939951
2021,Haukeli_G1,numeric__doy_cos,-0.3813442395840097
2021,Haukeli_G1,numeric__price,0.36770227779874765
2021,Haukeli_G1,numeric__price_rank,0.03329953913253643
2021,Haukeli_G1,numeric__price_minus_mean,-0.21104155228965477
2021,Haukeli_G1,numeric__price_week_mean,0.4468616013762931
2021,Haukeli_G1,numeric__wv_Haukeli_G1,-0.6146679237412448
2021,Haukeli_G1,numeric__fill_Haukeli_G1,0.0
2021,Haukeli_G1,numeric__inflow_Haukeli_G1,0.8368639900142701
2021,Haukeli_G1,numeric__spread_Haukeli_G1,1.0488640234800841
2021,Haukeli_G1,numeric__rank_fill_Haukeli_G1,0.03329953913253643
2021,Haukeli_G1,numeric__spread_t_Haukeli_G1,0.14812015789714275
2021,Haukeli_G1,categorical__hour_0.0,0.08343433961228808
2021,Haukeli_G1,categorical__hour_1.0,0.13316773476147076
2021,Haukeli_G1,categorical__hour_2.0,0.16812164715381128
2021,Haukeli_G1,categorical__hour_3.0,0.18491751515486302
2021,Haukeli_G1,categorical__hour_4.0,0.1797296850732234
2021,Haukeli_G1,categorical__hour_5.0,0.12549465623622963
2021,Haukeli_G1,categorical__hour_6.0,0.061625235807223955
2021,Haukeli_G1,categorical__hour_7.0,-0.011980001943657545
2021,Haukeli_G1,categorical__hour_8.0,-0.05845099323017327
2021,Haukeli_G1,categorical__hour_9.0,-0.0505030924865434
2021,Haukeli_G1,categorical__hour_10.0,-0.03731967237441009
2021,Haukeli_G1,categorical__hour_11.0,-0.011179946321730593
2021,Haukeli_G1,categorical__hour_12.0,0.013006367674499558
2021,Haukeli_G1,categorical__hour_13.0,0.029909042490417
2021,Haukeli_G1,categorical__hour_14.0,0.038357296800233594
2021,Haukeli_G1,categorical__hour_15.0,0.03681695672601381
2021,Haukeli_G1,categorical__hour_16.0,0.00631105030471427
2021,Haukeli_G1,categorical__hour_17.0,-0.039042466888463315
2021,Haukeli_G1,categorical__hour_18.0,-0.060040296761854836
2021,Haukeli_G1,categorical__hour_19.0,-0.05653817624882177
2021,Haukeli_G1,categorical__hour_20.0,-0.04194936669797971
2021,Haukeli_G1,categorical__hour_21.0,-0.026175611970305625
2021,Haukeli_G1,categorical__hour_22.0,0.0031658284961790135
2021,Haukeli_G1,categorical__hour_23.0,0.06547624649890718
2021,Haukeli_G1,categorical__weekday_0.0,0.08445099519374616
2021,Haukeli_G1,categorical__weekday_1.0,0.15771354009682334
2021,Haukeli_G1,categorical__weekday_2.0,0.13779388261825548
2021,Haukeli_G1,categorical__weekday_3.0,0.12058725416229842
2021,Haukeli_G1,categorical__weekday_4.0,0.077810041978518
2021,Haukeli_G1,categorical__weekday_5.0,0.08200382919933687
2021,Haukeli_G1,categorical__weekday_6.0,0.07599443461718
2021,Haukeli_G1,categorical__season_0.0,0.5224266312639064
2021,Haukeli_G1,categorical__season_1.0,-0.3876365392638597
2021,Haukeli_G1,categorical__season_2.0,0.09445580888551056
2021,Haukeli_G1,categorical__season_3.0,0.5071080769806593
2021,Songa_G1,numeric__t,-0.03978767016696102
2021,Songa_G1,numeric__doy_sin,1.4011408614888956
2021,Songa_G1,numeric__doy_cos,-0.6412932247612624
2021,Songa_G1,numeric__price,0.6505102940614566
2021,Songa_G1,numeric__price_rank,0.2762362531019382
2021,Songa_G1,numeric__price_minus_mean,0.21795682341273584
2021,Songa_G1,numeric__price_week_mean,0.6137997823040375
2021,Songa_G1,numeric__wv_Songa_G1,-1.8161944385815025
2021,Songa_G1,numeric__fill_Songa_G1,1.4313509125995167
2021,Songa_G1,numeric__inflow_Songa_G1,-0.04734152818336201
2021,Songa_G1,numeric__spread_Songa_G1,2.681373215213001
2021,Songa_G1,numeric__rank_fill_Songa_G1,0.018043671306485633
2021,Songa_G1,numeric__spread_t_Songa_G1,0.19313546662582404
2021,Songa_G1,categorical__hour_0.0,0.10324138362650366
2021,Songa_G1,categorical__hour_1.0,0.23666374920887678
2021,Songa_G1,categorical__hour_2.0,0.2601689302999736
2021,Songa_G1,categorical__hour_3.0,0.29531986073803684
2021,Songa_G1,categorical__hour_4.0,0.22315723044638758
2021,Songa_G1,categorical__hour_5.0,0.08427258121825698
2021,Songa_G1,categorical__hour_6.0,0.05121900594788033
2021,Songa_G1,categorical__hour_7.0,-0.08225823682811143
2021,Songa_G1,categorical__hour_8.0,-0.23245920024806552
2021,Songa_G1,categorical__hour_9.0,-0.18819942868942724
2021,Songa_G1,categorical__hour_10.0,-0.12967501702121945
2021,Songa_G1,categorical__hour_11.0,-0.059773536224240566
2021,Songa_G1,categorical__hour_12.0,-0.0011082916546125907
2021,Songa_G1,categorical__hour_13.0,0.061571308061506444
2021,Songa_G1,categorical__hour_14.0,0.12120612790059511
2021,Songa_G1,categorical__hour_15.0,0.13851200498028327
2021,Songa_G1,categorical__hour_16.0,0.06412215000089315
2021,Songa_G1,categorical__hour_17.0,-0.06731148755894996
2021,Songa_G1,categorical__hour_18.0,-0.13039138796588237
2021,Songa_G1,categorical__hour_19.0,-0.10963607464707156
2021,Songa_G1,categorical__hour_20.0,-0.07751945082052841
2021,Songa_G1,categorical__hour_21.0,-0.05726626509591845
2021,Songa_G1,categorical__hour_22.0,-0.0008519245580567014
2021,Songa_G1,categorical__hour_23.0,0.14883045355118302
2021,Songa_G1,categorical__weekday_0.0,0.1736261719444187
2021,Songa_G1,categorical__weekday_1.0,0.09523701885574626
2021,Songa_G1,categorical__weekday_2.0,0.08291980853465819
2021,Songa_G1,categorical__weekday_3.0,0.031241585802063907
2021,Songa_G1,categorical__weekday_4.0,0.142376150158876
2021,Songa_G1,categorical__weekday_5.0,0.12508444082545506
2021,Songa_G1,categorical__weekday_6.0,0.0013493085470769745
2021,Songa_G1,categorical__season_0.0,-0.2722937117855109
2021,Songa_G1,categorical__season_1.0,0.3953353211673607
2021,Songa_G1,categorical__season_2.0,0.3755569419955586
2021,Songa_G1,categorical__season_3.0,0.1532359332909229
2021,Kjela_G1,numeric__t,0.023218782114009122
2021,Kjela_G1,numeric__doy_sin,0.4556542078038604
2021,Kjela_G1,numeric__doy_cos,0.045268699323856965
2021,Kjela_G1,numeric__price,0.612637159168225
2021,Kjela_G1,numeric__price_rank,0.013595504017872892
2021,Kjela_G1,numeric__price_minus_mean,0.1964232516223282
2021,Kjela_G1,numeric__price_week_mean,0.5807074323543882
2021,Kjela_G1,numeric__wv_Kjela_G1,-1.210185755453177
2021,Kjela_G1,numeric__fill_Kjela_G1,0.2566698462226428
2021,Kjela_G1,numeric__inflow_Kjela_G1,-0.9538839091662868
2021,Kjela_G1,numeric__spread_Kjela_G1,1.6903153604939374
2021,Kjela_G1,numeric__rank_fill_Kjela_G1,0.1989753443949446
2021,Kjela_G1,numeric__spread_t_Kjela_G1,1.3683992005273522
2021,Kjela_G1,categorical__hour_0.0,0.1645710379345148
2021,Kjela_G1,categorical__hour_1.0,0.2560467675133873
2021,Kjela_G1,categorical__hour_2.0,0.22561434115301793
2021,Kjela_G1,categorical__hour_3.0,0.24911241981569548
2021,Kjela_G1,categorical__hour_4.0,0.20918878402959673
2021,Kjela_G1,categorical__hour_5.0,0.10864236855528002
2021,Kjela_G1,categorical__hour_6.0,0.07317877469188071
2021,Kjela_G1,categorical__hour_7.0,-0.04045146317706154
2021,Kjela_G1,categorical__hour_8.0,-0.18262421233541432
2021,Kjela_G1,categorical__hour_9.0,-0.16060379147010626
2021,Kjela_G1,categorical__hour_10.0,-0.12466600551565622
2021,Kjela_G1,categorical__hour_11.0,-0.057723946344818686
2021,Kjela_G1,categorical__hour_12.0,-0.0021216416422234203
2021,Kjela_G1,categorical__hour_13.0,0.031099594663456416
2021,Kjela_G1,categorical__hour_14.0,0.0634937872534047
2021,Kjela_G1,categorical__hour_15.0,0.07438947082673085
2021,Kjela_G1,categorical__hour_16.0,0.00011693308036238824
2021,Kjela_G1,categorical__hour_17.0,-0.11219312932566117
2021,Kjela_G1,categorical__hour_18.0,-0.13304562647533907
2021,Kjela_G1,categorical__hour_19.0,-0.09097149090506056
2021,Kjela_G1,categorical__hour_20.0,-0.028670776751320758
2021,Kjela_G1,categorical__hour_21.0,-0.0007604083432222639
2021,Kjela_G1,categorical__hour_22.0,0.029139769839322788
2021,Kjela_G1,categorical__hour_23.0,0.18630990721532187
2021,Kjela_G1,categorical__weekday_0.0,0.20261881744850868
2021,Kjela_G1,categorical__weekday_1.0,0.09640829719350408
2021,Kjela_G1,categorical__weekday_2.0,0.036631526053638064
2021,Kjela_G1,categorical__weekday_3.0,0.10947073198113687
2021,Kjela_G1,categorical__weekday_4.0,0.09995504685443092
2021,Kjela_G1,categorical__weekday_5.0,0.055022225375292125
2021,Kjela_G1,categorical__weekday_6.0,0.1369648193795826
2021,Kjela_G1,categorical__season_0.0,-0.18723733625146438
2021,Kjela_G1,categorical__season_1.0,0.732347942989758
2021,Kjela_G1,categorical__season_2.0,0.26858531906862054
2021,Kjela_G1,categorical__season_3.0,-0.07662446152084831
2021,Vesle Kjela_G1,numeric__t,0.012976499744973334
2021,Vesle Kjela_G1,numeric__doy_sin,-0.21839306495360233
2021,Vesle Kjela_G1,numeric__doy_cos,0.13731628723823008
2021,Vesle Kjela_G1,numeric__price,1.103674034234924
2021,Vesle Kjela_G1,numeric__price_rank,-0.0710698749347178
2021,Vesle Kjela_G1,numeric__price_minus_mean,-0.21491693366688333
2021,Vesle Kjela_G1,numeric__price_week_mean,1.2161675188518746
2021,Vesle Kjela_G1,numeric__wv_Vesle Kjela_G1,-3.9699140652944678
2021,Vesle Kjela_G1,numeric__fill_Vesle Kjela_G1,0.27837568362789084
2021,Vesle Kjela_G1,numeric__inflow_Vesle Kjela_G1,0.09712365450765847
2021,Vesle Kjela_G1,numeric__spread_Vesle Kjela_G1,6.311608916347738
2021,Vesle Kjela_G1,numeric__rank_fill_Vesle Kjela_G1,0.07865527356932027
2021,Vesle Kjela_G1,numeric__spread_t_Vesle Kjela_G1,1.210248289853637
2021,Vesle Kjela_G1,categorical__hour_0.0,0.26178285814624236
2021,Vesle Kjela_G1,categorical__hour_1.0,0.48878914248721794
2021,Vesle Kjela_G1,categorical__hour_2.0,0.5982792960063031
2021,Vesle Kjela_G1,categorical__hour_3.0,0.6673854619234925
2021,Vesle Kjela_G1,categorical__hour_4.0,0.6124190021180097
2021,Vesle Kjela_G1,categorical__hour_5.0,0.3022868097691945
2021,Vesle Kjela_G1,categorical__hour_6.0,0.04631284929591463
2021,Vesle Kjela_G1,categorical__hour_7.0,-0.2614881825628961
2021,Vesle Kjela_G1,categorical__hour_8.0,-0.5328641762476785
2021,Vesle Kjela_G1,categorical__hour_9.0,-0.4953796052003811
2021,Vesle Kjela_G1,categorical__hour_10.0,-0.39577143367725065
2021,Vesle Kjela_G1,categorical__hour_11.0,-0.28102982826096823
2021,Vesle Kjela_G1,categorical__hour_12.0,-0.17412888295418644
2021,Vesle Kjela_G1,categorical__hour_13.0,-0.07297298560767825
2021,Vesle Kjela_G1,categorical__hour_14.0,-0.0017934319687643416
2021,Vesle Kjela_G1,categorical__hour_15.0,-0.0010681925585847738
2021,Vesle Kjela_G1,categorical__hour_16.0,-0.13020149109422435
2021,Vesle Kjela_G1,categorical__hour_17.0,-0.3272470318501458
2021,Vesle Kjela_G1,categorical__hour_18.0,-0.4279477829873446
2021,Vesle Kjela_G1,categorical__hour_19.0,-0.3795376802899612
2021,Vesle Kjela_G1,categorical__hour_20.0,-0.2821732660493689
2021,Vesle Kjela_G1,categorical__hour_21.0,-0.1924422468650874
2021,Vesle Kjela_G1,categorical__hour_22.0,-0.060956747623108605
2021,Vesle Kjela_G1,categorical__hour_23.0,0.2190659785417634
2021,Vesle Kjela_G1,categorical__weekday_0.0,-0.13202547772866569
2021,Vesle Kjela_G1,categorical__weekday_1.0,-0.04241301787569299
2021,Vesle Kjela_G1,categorical__weekday_2.0,-0.03072894462089184
2021,Vesle Kjela_G1,categorical__weekday_3.0,-0.053057918327488254
2021,Vesle Kjela_G1,categorical__weekday_4.0,-0.061970207407794825
2021,Vesle Kjela_G1,categorical__weekday_5.0,-0.248112737591969
2021,Vesle Kjela_G1,categorical__weekday_6.0,-0.25237326395702886
2021,Vesle Kjela_G1,categorical__season_0.0,0.09812244803528287
2021,Vesle Kjela_G1,categorical__season_1.0,0.3715992752986237
2021,Vesle Kjela_G1,categorical__season_2.0,-0.1343615981763742
2021,Vesle Kjela_G1,categorical__season_3.0,-1.1560416926670363
2022,Hogga_G1,numeric__t,0.03762527055978504
2022,Hogga_G1,numeric__doy_sin,0.1956934288511766
2022,Hogga_G1,numeric__doy_cos,-0.03283722299402559
2022,Hogga_G1,numeric__price,0.24299605370879182
2022,Hogga_G1,numeric__price_rank,0.10240304414891647
2022,Hogga_G1,numeric__price_minus_mean,0.48550336618253626
2022,Hogga_G1,numeric__price_week_mean,0.07729884645326253
2022,Hogga_G1,numeric__wv_Hogga_G1,-0.6008373070492882
2022,Hogga_G1,numeric__fill_Hogga_G1,0.5359383958971232
2022,Hogga_G1,numeric__inflow_Hogga_G1,0.6020309331725873
2022,Hogga_G1,numeric__spread_Hogga_G1,1.0753528376960955
2022,Hogga_G1,numeric__rank_fill_Hogga_G1,0.040141328402052215
2022,Hogga_G1,numeric__spread_t_Hogga_G1,1.3447210627652852
2022,Hogga_G1,categorical__hour_0.0,0.08562644782666975
2022,Hogga_G1,categorical__hour_1.0,0.17508494675154374
2022,Hogga_G1,categorical__hour_2.0,0.22109336004293256
2022,Hogga_G1,categorical__hour_3.0,0.26793853308178095
2022,Hogga_G1,categorical__hour_4.0,0.24549803274228868
2022,Hogga_G1,categorical__hour_5.0,0.11519394168814534
2022,Hogga_G1,categorical__hour_6.0,0.026632413832513007
2022,Hogga_G1,categorical__hour_7.0,-0.04198978232264983
2022,Hogga_G1,categorical__hour_8.0,-0.15226623706235273
2022,Hogga_G1,categorical__hour_9.0,-0.12821975967206337
2022,Hogga_G1,categorical__hour_10.0,-0.08375063813396176
2022,Hogga_G1,categorical__hour_11.0,-0.04654004291029166
2022,Hogga_G1,categorical__hour_12.0,-0.007154512511133547
2022,Hogga_G1,categorical__hour_13.0,0.04576656528469448
2022,Hogga_G1,categorical__hour_14.0,0.08552885122079265
2022,Hogga_G1,categorical__hour_15.0,0.09123480427259154
2022,Hogga_G1,categorical__hour_16.0,0.03580583457786432
2022,Hogga_G1,categorical__hour_17.0,-0.06197307896464695
2022,Hogga_G1,categorical__hour_18.0,-0.10404987477549366
2022,Hogga_G1,categorical__hour_19.0,-0.10085490596295285
2022,Hogga_G1,categorical__hour_20.0,-0.08641130099248343
2022,Hogga_G1,categorical__hour_21.0,-0.07908226807521107
2022,Hogga_G1,categorical__hour_22.0,-0.04054753453078534
2022,Hogga_G1,categorical__hour_23.0,0.0798025209430342
2022,Hogga_G1,categorical__weekday_0.0,0.061685946953159244
2022,Hogga_G1,categorical__weekday_1.0,0.15989720287458126
2022,Hogga_G1,categorical__weekday_2.0,0.14622173452431894
2022,Hogga_G1,categorical__weekday_3.0,0.1489885841569866
2022,Hogga_G1,categorical__weekday_4.0,0.13464167569270113
2022,Hogga_G1,categorical__weekday_5.0,-0.005373861489026855
2022,Hogga_G1,categorical__weekday_6.0,-0.10369496636188937
2022,Hogga_G1,categorical__season_0.0,0.14453511594182128
2022,Hogga_G1,categorical__season_1.0,-0.2480701199108971
2022,Hogga_G1,categorical__season_2.0,-0.03902869891508431
2022,Hogga_G1,categorical__season_3.0,0.6849300192350051
2022,Tokke_G1,numeric__t,0.02080361967851787
2022,Tokke_G1,numeric__doy_sin,0.00944314405053363
2022,Tokke_G1,numeric__doy_cos,-0.13064181603854277
2022,Tokke_G1,numeric__price,0.4307243652319415
2022,Tokke_G1,numeric__price_rank,0.4431037788817518
2022,Tokke_G1,numeric__price_minus_mean,0.21357123286467822
2022,Tokke_G1,numeric__price_week_mean,0.37990033895551373
2022,Tokke_G1,numeric__wv_Tokke_G1,-0.9546084220613651
2022,Tokke_G1,numeric__fill_Tokke_G1,0.14153325653373158
2022,Tokke_G1,numeric__inflow_Tokke_G1,1.7637633637735577
2022,Tokke_G1,numeric__spread_Tokke_G1,1.670800014232157
2022,Tokke_G1,numeric__rank_fill_Tokke_G1,0.3195062213707832
2022,Tokke_G1,numeric__spread_t_Tokke_G1,0.6571302236579986
2022,Tokke_G1,categorical__hour_0.0,0.062391343673352063
2022,Tokke_G1,categorical__hour_1.0,0.20588870023647837
2022,Tokke_G1,categorical__hour_2.0,0.27166225969588154
2022,Tokke_G1,categorical__hour_3.0,0.3216883258675422
2022,Tokke_G1,categorical__hour_4.0,0.25792142024658904
2022,Tokke_G1,categorical__hour_5.0,0.10237169834212839
2022,Tokke_G1,categorical__hour_6.0,0.09054435159734375
2022,Tokke_G1,categorical__hour_7.0,0.006615315266772723
2022,Tokke_G1,categorical__hour_8.0,-0.11770504105739173
2022,Tokke_G1,categorical__hour_9.0,-0.12406656271656351
2022,Tokke_G1,categorical__hour_10.0,-0.09303642527287989
2022,Tokke_G1,categorical__hour_11.0,-0.031317951505160334
2022,Tokke_G1,categorical__hour_12.0,0.05373309025694976
2022,Tokke_G1,categorical__hour_13.0,0.12863521726582158
2022,Tokke_G1,categorical__hour_14.0,0.18996502526264
2022,Tokke_G1,categorical__hour_15.0,0.1973501746469477
2022,Tokke_G1,categorical__hour_16.0,0.09283168978077322
2022,Tokke_G1,categorical__hour_17.0,-0.07459012595921125
2022,Tokke_G1,categorical__hour_18.0,-0.15945210501752516
2022,Tokke_G1,categorical__hour_19.0,-0.15521760931220993
2022,Tokke_G1,categorical__hour_20.0,-0.09407049566475276
2022,Tokke_G1,categorical__hour_21.0,-0.0743181590012517
2022,Tokke_G1,categorical__hour_22.0,-0.022922736376524398
2022,Tokke_G1,categorical__hour_23.0,0.14041674039551894
2022,Tokke_G1,categorical__weekday_0.0,0.19337202364118264
2022,Tokke_G1,categorical__weekday_1.0,0.2290403879289797
2022,Tokke_G1,categorical__weekday_2.0,0.20628111433702703
2022,Tokke_G1,categorical__weekday_3.0,0.18160399861952492
2022,Tokke_G1,categorical__weekday_4.0,0.22014193123747117
2022,Tokke_G1,categorical__weekday_5.0,0.09501748148489865
2022,Tokke_G1,categorical__weekday_6.0,0.04986120340217471
2022,Tokke_G1,categorical__season_0.0,0.5024792514971864
2022,Tokke_G1,categorical__season_1.0,0.12104727048073444
2022,Tokke_G1,categorical__season_2.0,0.08728442388824646
2022,Tokke_G1,categorical__season_3.0,0.4645071947850938
2022,Tokke_G2,numeric__t,-0.014356168506060958
2022,Tokke_G2,numeric__doy_sin,0.16113150254871708
2022,Tokke_G2,numeric__doy_cos,0.260668875294702
2022,Tokke_G2,numeric__price,0.19809205441599614
2022,Tokke_G2,numeric__price_rank,0.5298380905143587
2022,Tokke_G2,numeric__price_minus_mean,0.22965474393590551
2022,Tokke_G2,numeric__price_week_mean,0.12537921706701166
2022,Tokke_G2,numeric__wv_Tokke_G2,-1.1813667878500533
2022,Tokke_G2,numeric__fill_Tokke_G2,0.18952303258108366
2022,Tokke_G2,numeric__inflow_Tokke_G2,0.7436854003997736
2022,Tokke_G2,numeric__spread_Tokke_G2,1.7660368441978687
2022,Tokke_G2,numeric__rank_fill_Tokke_G2,-0.2716542739682007
2022,Tokke_G2,numeric__spread_t_Tokke_G2,1.1850892705228067
2022,Tokke_G2,categorical__hour_0.0,0.07513671821882802
2022,Tokke_G2,categorical__hour_1.0,0.1634721610674443
2022,Tokke_G2,categorical__hour_2.0,0.20358777400928219
2022,Tokke_G2,categorical__hour_3.0,0.23519766382541207
2022,Tokke_G2,categorical__hour_4.0,0.20198985277744808
2022,Tokke_G2,categorical__hour_5.0,0.08473197228028077
2022,Tokke_G2,categorical__hour_6.0,0.015887464508145932
2022,Tokke_G2,categorical__hour_7.0,-0.0622914890369425
2022,Tokke_G2,categorical__hour_8.0,-0.15346779158263651
2022,Tokke_G2,categorical__hour_9.0,-0.14641491400608064
2022,Tokke_G2,categorical__hour_10.0,-0.1256108834696785
2022,Tokke_G2,categorical__hour_11.0,-0.09595984365548543
2022,Tokke_G2,categorical__hour_12.0,-0.057334503665026335
2022,Tokke_G2,categorical__hour_13.0,-0.02125022435390711
2022,Tokke_G2,categorical__hour_14.0,0.014651435132435013
2022,Tokke_G2,categorical__hour_15.0,0.024947276056935586
2022,Tokke_G2,categorical__hour_16.0,-0.029788822697837527
2022,Tokke_G2,categorical__hour_17.0,-0.12043153898550904
2022,Tokke_G2,categorical__hour_18.0,-0.15413676885458852
2022,Tokke_G2,categorical__hour_19.0,-0.1408169398620163
2022,Tokke_G2,categorical__hour_20.0,-0.1077884895964901
2022,Tokke_G2,categorical__hour_21.0,-0.07653527352237419
2022,Tokke_G2,categorical__hour_22.0,-0.021482445330497
2022,Tokke_G2,categorical__hour_23.0,0.09135786400599001
2022,Tokke_G2,categorical__weekday_0.0,-0.07326827023692797
2022,Tokke_G2,categorical__weekday_1.0,-0.051228167855446524
2022,Tokke_G2,categorical__weekday_2.0,-0.02137507644255447
2022,Tokke_G2,categorical__weekday_3.0,-0.034386529471435154
2022,Tokke_G2,categorical__weekday_4.0,0.02927854161021634
2022,Tokke_G2,categorical__weekday_5.0,-0.008408882347839038
2022,Tokke_G2,categorical__weekday_6.0,-0.04296136199287974
2022,Tokke_G2,categorical__season_0.0,-0.037960300466322316
2022,Tokke_G2,categorical__season_1.0,-0.20013653537402595
2022,Tokke_G2,categorical__season_2.0,0.0679726110964388
2022,Tokke_G2,categorical__season_3.0,-0.03222552199292645
2022,Tokke_G3,numeric__t,0.02014666604979928
2022,Tokke_G3,numeric__doy_sin,0.14176847240681376
2022,Tokke_G3,numeric__doy_cos,0.05130737146364113
2022,Tokke_G3,numeric__price,0.3629027615963933
2022,Tokke_G3,numeric__price_rank,0.5428022732006635
2022,Tokke_G3,numeric__price_minus_mean,0.25159321521032846
2022,Tokke_G3,numeric__price_week_mean,0.29318428979989497
2022,Tokke_G3,numeric__wv_Tokke_G3,-1.1107965874264347
2022,Tokke_G3,numeric__fill_Tokke_G3,0.1596799088090187
2022,Tokke_G3,numeric__inflow_Tokke_G3,1.2445415710751822
2022,Tokke_G3,numeric__spread_Tokke_G3,1.8196225136803459
2022,Tokke_G3,numeric__rank_fill_Tokke_G3,-0.11519729418396897
2022,Tokke_G3,numeric__spread_t_Tokke_G3,1.1536206531435353
2022,Tokke_G3,categorical__hour_0.0,0.07506176634210325
2022,Tokke_G3,categorical__hour_1.0,0.17555378405217642
2022,Tokke_G3,categorical__hour_2.0,0.22267322634757247
2022,Tokke_G3,categorical__hour_3.0,0.25789739632245184
2022,Tokke_G3,categorical__hour_4.0,0.21307506682147775
2022,Tokke_G3,categorical__hour_5.0,0.07111377881375845
2022,Tokke_G3,categorical__hour_6.0,0.04656277863787669
2022,Tokke_G3,categorical__hour_7.0,-0.02571395497834578
2022,Tokke_G3,categorical__hour_8.0,-0.14208128789846675
2022,Tokke_G3,categorical__hour_9.0,-0.13302647667432038
2022,Tokke_G3,categorical__hour_10.0,-0.10739518753527073
2022,Tokke_G3,categorical__hour_11.0,-0.07743097504688437
2022,Tokke_G3,categorical__hour_12.0,-0.01809971014225589
2022,Tokke_G3,categorical__hour_13.0,0.02569929409747745
2022,Tokke_G3,categorical__hour_14.0,0.07770069151558698
2022,Tokke_G3,categorical__hour_15.0,0.09443160977706169
2022,Tokke_G3,categorical__hour_16.0,0.022427568630841378
2022,Tokke_G3,categorical__hour_17.0,-0.09989053692990657
2022,Tokke_G3,categorical__hour_18.0,-0.14452990039580413
2022,Tokke_G3,categorical__hour_19.0,-0.12959664513675892
2022,Tokke_G3,categorical__hour_20.0,-0.08651324199807678
2022,Tokke_G3,categorical__hour_21.0,-0.05209831707409647
2022,Tokke_G3,categorical__hour_22.0,0.0005601768882902858
2022,Tokke_G3,categorical__hour_23.0,0.12456804006979905
2022,Tokke_G3,categorical__weekday_0.0,0.04833281266842632
2022,Tokke_G3,categorical__weekday_1.0,0.10181314854764544
2022,Tokke_G3,categorical__weekday_2.0,0.07068286650515798
2022,Tokke_G3,categorical__weekday_3.0,0.05546599995397433
2022,Tokke_G3,categorical__weekday_4.0,0.09160182893949367
2022,Tokke_G3,categorical__weekday_5.0,0.03450308189911119
2022,Tokke_G3,categorical__weekday_6.0,-0.011450794007539533
2022,Tokke_G3,categorical__season_0.0,0.2675538508896431
2022,Tokke_G3,categorical__season_1.0,-0.21385879105771707
2022,Tokke_G3,categorical__season_2.0,0.12103892987013809
2022,Tokke_G3,categorical__season_3.0,0.21621495480425132
2022,Tokke_G4,numeric__t,-0.03603866754169117
2022,Tokke_G4,numeric__doy_sin,0.1668279636691878
2022,Tokke_G4,numeric__doy_cos,0.25279926922223
2022,Tokke_G4,numeric__price,0.2629947637268706
2022,Tokke_G4,numeric__price_rank,0.530620026508653
2022,Tokke_G4,numeric__price_minus_mean,0.2764822996880626
2022,Tokke_G4,numeric__price_week_mean,0.17712575994551988
2022,Tokke_G4,numeric__wv_Tokke_G4,-1.2607125101332284
2022,Tokke_G4,numeric__fill_Tokke_G4,0.21188083963646598
2022,Tokke_G4,numeric__inflow_Tokke_G4,0.8260296896670503
2022,Tokke_G4,numeric__spread_Tokke_G4,1.9311196149839478
2022,Tokke_G4,numeric__rank_fill_Tokke_G4,-0.24872046520076108
2022,Tokke_G4,numeric__spread_t_Tokke_G4,0.540259501281097
2022,Tokke_G4,categorical__hour_0.0,0.056129786138851334
2022,Tokke_G4,categorical__hour_1.0,0.15574025535537503
2022,Tokke_G4,categorical__hour_2.0,0.20066531502554807
2022,Tokke_G4,categorical__hour_3.0,0.23868127771888603
2022,Tokke_G4,categorical__hour_4.0,0.20256068660910093
2022,Tokke_G4,categorical__hour_5.0,0.09146353204507038
2022,Tokke_G4,categorical__hour_6.0,0.03209838255763758
2022,Tokke_G4,categorical__hour_7.0,-0.03428212859515289
2022,Tokke_G4,categorical__hour_8.0,-0.13357451235910542
2022,Tokke_G4,categorical__hour_9.0,-0.12155947079884455
2022,Tokke_G4,categorical__hour_10.0,-0.10573157122330405
2022,Tokke_G4,categorical__hour_11.0,-0.0832422882444386
2022,Tokke_G4,categorical__hour_12.0,-0.04235517360563188
2022,Tokke_G4,categorical__hour_13.0,0.003158840973684126
2022,Tokke_G4,categorical__hour_14.0,0.037086913956856184
2022,Tokke_G4,categorical__hour_15.0,0.04412121698904663
2022,Tokke_G4,categorical__hour_16.0,-0.02133141492590919
2022,Tokke_G4,categorical__hour_17.0,-0.11228036540536925
2022,Tokke_G4,categorical__hour_18.0,-0.15074680019144196
2022,Tokke_G4,categorical__hour_19.0,-0.14845202570455007
2022,Tokke_G4,categorical__hour_20.0,-0.12444056202316377
2022,Tokke_G4,categorical__hour_21.0,-0.09101282328431583
2022,Tokke_G4,categorical__hour_22.0,-0.03873250516466294
2022,Tokke_G4,categorical__hour_23.0,0.07138500113299157
2022,Tokke_G4,categorical__weekday_0.0,-0.045557123198010155
2022,Tokke_G4,categorical__weekday_1.0,-0.0435404698549272
2022,Tokke_G4,categorical__weekday_2.0,0.013832980094261779
2022,Tokke_G4,categorical__weekday_3.0,-0.003682918053820867
2022,Tokke_G4,categorical__weekday_4.0,0.013097002900842756
2022,Tokke_G4,categorical__weekday_5.0,0.001447830224663431
2022,Tokke_G4,categorical__weekday_6.0,-0.010247735135830358
2022,Tokke_G4,categorical__season_0.0,-0.0063635878938797606
2022,Tokke_G4,categorical__season_1.0,-0.18223206191788924
2022,Tokke_G4,categorical__season_2.0,0.09023084281203747
2022,Tokke_G4,categorical__season_3.0,0.023714373976882624
2022,Lio_G1,numeric__t,-0.023881085270426483
2022,Lio_G1,numeric__doy_sin,0.40978046958168696
2022,Lio_G1,numeric__doy_cos,0.5949195644390892
2022,Lio_G1,numeric__price,0.5233855633409309
2022,Lio_G1,numeric__price_rank,0.10015896273463007
2022,Lio_G1,numeric__price_minus_mean,0.16005290755930904
2022,Lio_G1,numeric__price_week_mean,0.49896530022850166
2022,Lio_G1,numeric__wv_Lio_G1,-0.6075183858111818
2022,Lio_G1,numeric__fill_Lio_G1,0.8105274068433717
2022,Lio_G1,numeric__inflow_Lio_G1,-0.2077574684521534
2022,Lio_G1,numeric__spread_Lio_G1,1.4474326850048431
2022,Lio_G1,numeric__rank_fill_Lio_G1,0.06942637593845687
2022,Lio_G1,numeric__spread_t_Lio_G1,0.048014325387159724
2022,Lio_G1,categorical__hour_0.0,0.15329679900964172
2022,Lio_G1,categorical__hour_1.0,0.22995971670723514
2022,Lio_G1,categorical__hour_2.0,0.268988983106994
2022,Lio_G1,categorical__hour_3.0,0.2988979590038564
2022,Lio_G1,categorical__hour_4.0,0.2731273398033934
2022,Lio_G1,categorical__hour_5.0,0.17775410704202707
2022,Lio_G1,categorical__hour_6.0,0.07973755715837065
2022,Lio_G1,categorical__hour_7.0,-0.03991510254162146
2022,Lio_G1,categorical__hour_8.0,-0.1278924559782113
2022,Lio_G1,categorical__hour_9.0,-0.11688559393150735
2022,Lio_G1,categorical__hour_10.0,-0.09454806212579911
2022,Lio_G1,categorical__hour_11.0,-0.050652786681970825
2022,Lio_G1,categorical__hour_12.0,-0.007036222342899959
2022,Lio_G1,categorical__hour_13.0,0.03506776127346431
2022,Lio_G1,categorical__hour_14.0,0.06924548024601393
2022,Lio_G1,categorical__hour_15.0,0.07805556881419735
2022,Lio_G1,categorical__hour_16.0,0.03522258487849925
2022,Lio_G1,categorical__hour_17.0,-0.03368133579784403
2022,Lio_G1,categorical__hour_18.0,-0.05535233607368127
2022,Lio_G1,categorical__hour_19.0,-0.05288427160795462
2022,Lio_G1,categorical__hour_20.0,-0.015943289327775473
2022,Lio_G1,categorical__hour_21.0,0.02288179010004621
2022,Lio_G1,categorical__hour_22.0,0.0820765408521699
2022,Lio_G1,categorical__hour_23.0,0.16949612904457195
2022,Lio_G1,categorical__weekday_0.0,0.16345076747191328
2022,Lio_G1,categorical__weekday_1.0,0.14869407224661874
2022,Lio_G1,categorical__weekday_2.0,0.16405492735234845
2022,Lio_G1,categorical__weekday_3.0,0.17788683675655004
2022,Lio_G1,categorical__weekday_4.0,0.21495663311742677
2022,Lio_G1,categorical__weekday_5.0,0.2727125828924717
2022,Lio_G1,categorical__weekday_6.0,0.2372610407938595
2022,Lio_G1,categorical__season_0.0,0.5635818984388912
2022,Lio_G1,categorical__season_1.0,0.2667630587132494
2022,Lio_G1,categorical__season_2.0,0.6029215929412441
2022,Lio_G1,categorical__season_3.0,-0.05424968946232916
2022,Byrte_G1,numeric__t,0.0179196488753509
2022,Byrte_G1,numeric__doy_sin,0.6940284422115566
2022,Byrte_G1,numeric__doy_cos,0.3080263042688876
2022,Byrte_G1,numeric__price,2.0486162732612687
2022,Byrte_G1,numeric__price_rank,0.0573622309870333
2022,Byrte_G1,numeric__price_minus_mean,0.1423915435662975
2022,Byrte_G1,numeric__price_week_mean,2.134753961556873
2022,Byrte_G1,numeric__wv_Byrte_G1,-5.915357139989722
2022,Byrte_G1,numeric__fill_Byrte_G1,1.1460371278123156
2022,Byrte_G1,numeric__inflow_Byrte_G1,0.49908582803689233
2022,Byrte_G1,numeric__spread_Byrte_G1,11.802807077865406
2022,Byrte_G1,numeric__rank_fill_Byrte_G1,-0.22404768221590915
2022,Byrte_G1,numeric__spread_t_Byrte_G1,-1.080942389352621
2022,Byrte_G1,categorical__hour_0.0,0.19981306742014704
2022,Byrte_G1,categorical__hour_1.0,0.4308095226599928
2022,Byrte_G1,categorical__hour_2.0,0.593821401010557
2022,Byrte_G1,categorical__hour_3.0,0.7053243328411811
2022,Byrte_G1,categorical__hour_4.0,0.6695259999182147
2022,Byrte_G1,categorical__hour_5.0,0.3405371448378263
2022,Byrte_G1,categorical__hour_6.0,0.07468563161242842
2022,Byrte_G1,categorical__hour_7.0,-0.23785447947413865
2022,Byrte_G1,categorical__hour_8.0,-0.5530762804629675
2022,Byrte_G1,categorical__hour_9.0,-0.45612257541320805
2022,Byrte_G1,categorical__hour_10.0,-0.3063245465754659
2022,Byrte_G1,categorical__hour_11.0,-0.18142625587410297
2022,Byrte_G1,categorical__hour_12.0,-0.041231899499208045
2022,Byrte_G1,categorical__hour_13.0,0.04838548813641545
2022,Byrte_G1,categorical__hour_14.0,0.1312428320670262
2022,Byrte_G1,categorical__hour_15.0,0.1407060026963992
2022,Byrte_G1,categorical__hour_16.0,0.0013374091950911246
2022,Byrte_G1,categorical__hour_17.0,-0.25181050611383954
2022,Byrte_G1,categorical__hour_18.0,-0.3476142448508675
2022,Byrte_G1,categorical__hour_19.0,-0.2959395205789663
2022,Byrte_G1,categorical__hour_20.0,-0.24012887418991724
2022,Byrte_G1,categorical__hour_21.0,-0.2016264362636924
2022,Byrte_G1,categorical__hour_22.0,-0.08346665972323661
2022,Byrte_G1,categorical__hour_23.0,0.15390815218499054
2022,Byrte_G1,categorical__weekday_0.0,0.03198911712013205
2022,Byrte_G1,categorical__weekday_1.0,0.19041165560479584
2022,Byrte_G1,categorical__weekday_2.0,0.19094939832709595
2022,Byrte_G1,categorical__weekday_3.0,0.11951909141006935
2022,Byrte_G1,categorical__weekday_4.0,0.09042344312150984
2022,Byrte_G1,categorical__weekday_5.0,-0.1500264061387111
2022,Byrte_G1,categorical__weekday_6.0,-0.1797915938842905
2022,Byrte_G1,categorical__season_0.0,0.19792043989445013
2022,Byrte_G1,categorical__season_1.0,0.31570706229587825
2022,Byrte_G1,categorical__season_2.0,0.2643187593767837
2022,Byrte_G1,categorical__season_3.0,-0.48447155600640845
2022,Vinje_G1,numeric__t,-0.0033303173975701423
2022,Vinje_G1,numeric__doy_sin,0.4997512680257106
2022,Vinje_G1,numeric__doy_cos,0.24887588242614228
2022,Vinje_G1,numeric__price,0.06899936504424067
2022,Vinje_G1,numeric__price_rank,0.0965609558106636
2022,Vinje_G1,numeric__price_minus_mean,0.5840377755862799
2022,Vinje_G1,numeric__price_week_mean,-0.1455428564365806
2022,Vinje_G1,numeric__wv_Vinje_G1,-0.4257462465114303
2022,Vinje_G1,numeric__fill_Vinje_G1,0.45835671153588126
2022,Vinje_G1,numeric__inflow_Vinje_G1,-0.1755877454192211
2022,Vinje_G1,numeric__spread_Vinje_G1,0.4995130982698148
2022,Vinje_G1,numeric__rank_fill_Vinje_G1,0.19305215869424167
2022,Vinje_G1,numeric__spread_t_Vinje_G1,0.11192287593651248
2022,Vinje_G1,categorical__hour_0.0,-0.03391715159506993
2022,Vinje_G1,categorical__hour_1.0,-7.269318029798171e-05
2022,Vinje_G1,categorical__hour_2.0,0.0029930265408530396
2022,Vinje_G1,categorical__hour_3.0,0.029781599535876162
2022,Vinje_G1,categorical__hour_4.0,-0.0007368411396353059
2022,Vinje_G1,categorical__hour_5.0,-0.012241521944138163
2022,Vinje_G1,categorical__hour_6.0,0.027019109002907202
2022,Vinje_G1,categorical__hour_7.0,-0.015789622506487033
2022,Vinje_G1,categorical__hour_8.0,-0.07336291179008797
2022,Vinje_G1,categorical__hour_9.0,-0.05233678020728786
2022,Vinje_G1,categorical__hour_10.0,-0.026275549776646877
2022,Vinje_G1,categorical__hour_11.0,-0.003513063111834476
2022,Vinje_G1,categorical__hour_12.0,0.02475296942752136
2022,Vinje_G1,categorical__hour_13.0,0.04258465485885006
2022,Vinje_G1,categorical__hour_14.0,0.07670217002988547
2022,Vinje_G1,categorical__hour_15.0,0.0823025125034076
2022,Vinje_G1,categorical__hour_16.0,0.045296482392037325
2022,Vinje_G1,categorical__hour_17.0,-0.018360616693312307
2022,Vinje_G1,categorical__hour_18.0,-0.04150629963546895
2022,Vinje_G1,categorical__hour_19.0,-0.04381289026684121
2022,Vinje_G1,categorical__hour_20.0,-0.020455993349134793
2022,Vinje_G1,categorical__hour_21.0,-0.007419766017166592
2022,Vinje_G1,categorical__hour_22.0,0.007109223989299882
2022,Vinje_G1,categorical__hour_23.0,0.03342363344829124
2022,Vinje_G1,categorical__weekday_0.0,-0.019871858925977
2022,Vinje_G1,categorical__weekday_1.0,-0.0213832747435445
2022,Vinje_G1,categorical__weekday_2.0,-0.04320545366458748
2022,Vinje_G1,categorical__weekday_3.0,0.022966446791774137
2022,Vinje_G1,categorical__weekday_4.0,0.07675119017096431
2022,Vinje_G1,categorical__weekday_5.0,0.03592786817741647
2022,Vinje_G1,categorical__weekday_6.0,-0.02902123729052259
2022,Vinje_G1,categorical__season_0.0,-0.27572225848892856
2022,Vinje_G1,categorical__season_1.0,-0.08878893798925332
2022,Vinje_G1,categorical__season_2.0,0.49284819080066755
2022,Vinje_G1,categorical__season_3.0,-0.10617331380697531
2022,Vinje_G2,numeric__t,-0.004726743454064455
2022,Vinje_G2,numeric__doy_sin,0.5033095817576677
2022,Vinje_G2,numeric__doy_cos,0.22170437742671809
2022,Vinje_G2,numeric__price,0.02995466243445296
2022,Vinje_G2,numeric__price_rank,0.14747781287056475
2022,Vinje_G2,numeric__price_minus_mean,0.58769739556958
2022,Vinje_G2,numeric__price_week_mean,-0.18862178666326734
2022,Vinje_G2,numeric__wv_Vinje_G2,-0.47042678991114384
2022,Vinje_G2,numeric__fill_Vinje_G2,0.4429617686972868
2022,Vinje_G2,numeric__inflow_Vinje_G2,-0.26073223029809034
2022,Vinje_G2,numeric__spread_Vinje_G2,0.5132016524411277
2022,Vinje_G2,numeric__rank_fill_Vinje_G2,0.11932931453025124
2022,Vinje_G2,numeric__spread_t_Vinje_G2,0.15230047189049803
2022,Vinje_G2,categorical__hour_0.0,-0.08323191302045578
2022,Vinje_G2,categorical__hour_1.0,-0.060016664520757615
2022,Vinje_G2,categorical__hour_2.0,-0.06372978629637242
2022,Vinje_G2,categorical__hour_3.0,-0.04487473638541992
2022,Vinje_G2,categorical__hour_4.0,-0.07367240836883293
2022,Vinje_G2,categorical__hour_5.0,-0.0948417634831481
2022,Vinje_G2,categorical__hour_6.0,0.006466028739610852
2022,Vinje_G2,categorical__hour_7.0,-0.007713423923842081
2022,Vinje_G2,categorical__hour_8.0,-0.05773464598577806
2022,Vinje_G2,categorical__hour_9.0,-0.030824764026894887
2022,Vinje_G2,categorical__hour_10.0,-0.011946695485183378
2022,Vinje_G2,categorical__hour_11.0,0.01328311143678781
2022,Vinje_G2,categorical__hour_12.0,0.03622738124762252
2022,Vinje_G2,categorical__hour_13.0,0.05890620187036872
2022,Vinje_G2,categorical__hour_14.0,0.08479066731524566
2022,Vinje_G2,categorical__hour_15.0,0.09174519012104113
2022,Vinje_G2,categorical__hour_16.0,0.05415271947843327
2022,Vinje_G2,categorical__hour_17.0,-0.00042736316321111085
2022,Vinje_G2,categorical__hour_18.0,-0.023817150304291115
2022,Vinje_G2,categorical__hour_19.0,-0.015832576242613448
2022,Vinje_G2,categorical__hour_20.0,-0.005573466036785054
2022,Vinje_G2,categorical__hour_21.0,-0.0010699247619818104
2022,Vinje_G2,categorical__hour_22.0,-0.005996908508528467
2022,Vinje_G2,categorical__hour_23.0,0.0009215853987995376
2022,Vinje_G2,categorical__weekday_0.0,-0.05535550850435881
2022,Vinje_G2,categorical__weekday_1.0,-0.05220985650150275
2022,Vinje_G2,categorical__weekday_2.0,-0.07915006136310498
2022,Vinje_G2,categorical__weekday_3.0,-0.034607518010829445
2022,Vinje_G2,categorical__weekday_4.0,0.0349475043839263
2022,Vinje_G2,categorical__weekday_5.0,0.020166644433449555
2022,Vinje_G2,categorical__weekday_6.0,-0.06860250934375828
2022,Vinje_G2,categorical__season_0.0,-0.3610158272232916
2022,Vinje_G2,categorical__season_1.0,-0.16960009354663896
2022,Vinje_G2,categorical__season_2.0,0.38533469039771334
2022,Vinje_G2,categorical__season_3.0,-0.08953007453399128
2022,Vinje_G3,numeric__t,0.07146377862876577
2022,Vinje_G3,numeric__doy_sin,0.54245403702936
2022,Vinje_G3,numeric__doy_cos,0.25597554296562997
2022,Vinje_G3,numeric__price,-0.015223982000209324
2022,Vinje_G3,numeric__price_rank,0.2418628392944772
2022,Vinje_G3,numeric__price_minus_mean,0.5708494668700147
2022,Vinje_G3,numeric__price_week_mean,-0.2305542407812522
2022,Vinje_G3,numeric__wv_Vinje_G3,-0.5411754429402734
2022,Vinje_G3,numeric__fill_Vinje_G3,0.5176234899200147
2022,Vinje_G3,numeric__inflow_Vinje_G3,-0.3638460024775991
2022,Vinje_G3,numeric__spread_Vinje_G3,0.5488065901106044
2022,Vinje_G3,numeric__rank_fill_Vinje_G3,-0.03983460611685944
2022,Vinje_G3,numeric__spread_t_Vinje_G3,0.24629332082874697
2022,Vinje_G3,categorical__hour_0.0,-0.20093036991250257
2022,Vinje_G3,categorical__hour_1.0,-0.21669751533184844
2022,Vinje_G3,categorical__hour_2.0,-0.24859925388545076
2022,Vinje_G3,categorical__hour_3.0,-0.23397758145778128
2022,Vinje_G3,categorical__hour_4.0,-0.2732300763068715
2022,Vinje_G3,categorical__hour_5.0,-0.3227825052914924
2022,Vinje_G3,categorical__hour_6.0,-0.08227444684217346
2022,Vinje_G3,categorical__hour_7.0,0.0311583906146269
2022,Vinje_G3,categorical__hour_8.0,0.004910584227430115
2022,Vinje_G3,categorical__hour_9.0,0.06092059385657998
2022,Vinje_G3,categorical__hour_10.0,0.07582138453628212
2022,Vinje_G3,categorical__hour_11.0,0.08574279264651229
2022,Vinje_G3,categorical__hour_12.0,0.0895504814513495
2022,Vinje_G3,categorical__hour_13.0,0.09602516710478101
2022,Vinje_G3,categorical__hour_14.0,0.11515009611462051
2022,Vinje_G3,categorical__hour_15.0,0.10987204411555877
2022,Vinje_G3,categorical__hour_16.0,0.07437555021274367
2022,Vinje_G3,categorical__hour_17.0,0.020898041150428023
2022,Vinje_G3,categorical__hour_18.0,0.021854780428547632
2022,Vinje_G3,categorical__hour_19.0,0.02584199100515598
2022,Vinje_G3,categorical__hour_20.0,0.010561683430159764
2022,Vinje_G3,categorical__hour_21.0,-0.019755802500389618
2022,Vinje_G3,categorical__hour_22.0,-0.07437325310381142
2022,Vinje_G3,categorical__hour_23.0,-0.11066989339825656
2022,Vinje_G3,categorical__weekday_0.0,-0.10016448464117161
2022,Vinje_G3,categorical__weekday_1.0,-0.1804933108258406
2022,Vinje_G3,categorical__weekday_2.0,-0.11411623383337373
2022,Vinje_G3,categorical__weekday_3.0,-0.13897648835129822
2022,Vinje_G3,categorical__weekday_4.0,-0.0866836177199685
2022,Vinje_G3,categorical__weekday_5.0,-0.13551014883426651
2022,Vinje_G3,categorical__weekday_6.0,-0.20466283292985615
2022,Vinje_G3,categorical__season_0.0,-0.3179059502308348
2022,Vinje_G3,categorical__season_1.0,-0.4928583300211368
2022,Vinje_G3,categorical__season_2.0,0.08084216710182679
2022,Vinje_G3,categorical__season_3.0,-0.23068500398562072
2022,Haukeli_G1,numeric__t,-0.05243758705913966
2022,Haukeli_G1,numeric__doy_sin,-0.05024830020574279
2022,Haukeli_G1,numeric__doy_cos,-0.2975628846016347
2022,Haukeli_G1,numeric__price,0.30629779778548777
2022,Haukeli_G1,numeric__price_rank,0.030198007152023722
2022,Haukeli_G1,numeric__price_minus_mean,-0.33407139203103786
2022,Haukeli_G1,numeric__price_week_mean,0.45257632776212525
2022,Haukeli_G1,numeric__wv_Haukeli_G1,-0.8341140766797517
2022,Haukeli_G1,numeric__fill_Haukeli_G1,0.0
2022,Haukeli_G1,numeric__inflow_Haukeli_G1,0.6859489077296981
2022,Haukeli_G1,numeric__spread_Haukeli_G1,1.619486531356674
2022,Haukeli_G1,numeric__rank_fill_Haukeli_G1,0.030198007152023722
2022,Haukeli_G1,numeric__spread_t_Haukeli_G1,0.40342330583984787
2022,Haukeli_G1,categorical__hour_0.0,0.06356711219300895
2022,Haukeli_G1,categorical__hour_1.0,0.10726599525508256
2022,Haukeli_G1,categorical__hour_2.0,0.14198226848903667
2022,Haukeli_G1,categorical__hour_3.0,0.15861371573296262
2022,Haukeli_G1,categorical__hour_4.0,0.15370038294039023
2022,Haukeli_G1,categorical__hour_5.0,0.10350612613838366
2022,Haukeli_G1,categorical__hour_6.0,0.0458317871327442
2022,Haukeli_G1,categorical__hour_7.0,-0.02931172198707459
2022,Haukeli_G1,categorical__hour_8.0,-0.08098759392810395
2022,Haukeli_G1,categorical__hour_9.0,-0.06775631386138382
2022,Haukeli_G1,categorical__hour_10.0,-0.04928712430197198
2022,Haukeli_G1,categorical__hour_11.0,-0.02280715769225175
2022,Haukeli_G1,categorical__hour_12.0,0.003542406718428307
2022,Haukeli_G1,categorical__hour_13.0,0.02343916114384724
2022,Haukeli_G1,categorical__hour_14.0,0.03648201611110004
2022,Haukeli_G1,categorical__hour_15.0,0.030927920726858328
2022,Haukeli_G1,categorical__hour_16.0,-0.003702221958931255
2022,Haukeli_G1,categorical__hour_17.0,-0.06263269500475077
2022,Haukeli_G1,categorical__hour_18.0,-0.08640289438699486
2022,Haukeli_G1,categorical__hour_19.0,-0.0781147582220375
2022,Haukeli_G1,categorical__hour_20.0,-0.05832833351603713
2022,Haukeli_G1,categorical__hour_21.0,-0.042355869985179144
2022,Haukeli_G1,categorical__hour_22.0,-0.014732019131389095
2022,Haukeli_G1,categorical__hour_23.0,0.04750752941856075
2022,Haukeli_G1,categorical__weekday_0.0,0.01751732332794935
2022,Haukeli_G1,categorical__weekday_1.0,0.11158456862494832
2022,Haukeli_G1,categorical__weekday_2.0,0.09073980825521775
2022,Haukeli_G1,categorical__weekday_3.0,0.07649783670681791
2022,Haukeli_G1,categorical__weekday_4.0,0.02402670572198454
2022,Haukeli_G1,categorical__weekday_5.0,0.004064451655217532
2022,Haukeli_G1,categorical__weekday_6.0,-0.004482976267832075
2022,Haukeli_G1,categorical__season_0.0,0.5317759363053995
2022,Haukeli_G1,categorical__season_1.0,-0.36840588223620446
2022,Haukeli_G1,categorical__season_2.0,-0.006945060142988034
2022,Haukeli_G1,categorical__season_3.0,0.16352272409811086
2022,Songa_G1,numeric__t,-0.03834455654922343
2022,Songa_G1,numeric__doy_sin,1.3743856697660066
2022,Songa_G1,numeric__doy_cos,-0.4762479979404095
2022,Songa_G1,numeric__price,1.0443981869583774
2022,Songa_G1,numeric__price_rank,0.22088223681716185
2022,Songa_G1,numeric__price_minus_mean,0.40372962096673254
2022,Songa_G1,numeric__price_week_mean,0.9640045058195642
2022,Songa_G1,numeric__wv_Songa_G1,-4.3380744729980725
2022,Songa_G1,numeric__fill_Songa_G1,1.1543598357484954
2022,Songa_G1,numeric__inflow_Songa_G1,-0.02151642920990625
2022,Songa_G1,numeric__spread_Songa_G1,7.340758339198387
2022,Songa_G1,numeric__rank_fill_Songa_G1,0.018271714664674896
2022,Songa_G1,numeric__spread_t_Songa_G1,0.3331323253280611
2022,Songa_G1,categorical__hour_0.0,0.010821017946506525
2022,Songa_G1,categorical__hour_1.0,0.1302691720798094
2022,Songa_G1,categorical__hour_2.0,0.161338173800505
2022,Songa_G1,categorical__hour_3.0,0.2006595545325445
2022,Songa_G1,categorical__hour_4.0,0.12887519201054026
2022,Songa_G1,categorical__hour_5.0,0.002906701214769167
2022,Songa_G1,categorical__hour_6.0,-0.005962910265180983
2022,Songa_G1,categorical__hour_7.0,-0.11075654711132364
2022,Songa_G1,categorical__hour_8.0,-0.27273079784056237
2022,Songa_G1,categorical__hour_9.0,-0.22551936200332512
2022,Songa_G1,categorical__hour_10.0,-0.16189386519252394
2022,Songa_G1,categorical__hour_11.0,-0.09212133548660763
2022,Songa_G1,categorical__hour_12.0,-0.04111369812744424
2022,Songa_G1,categorical__hour_13.0,0.021672250428608156
2022,Songa_G1,categorical__hour_14.0,0.08536991318626366
2022,Songa_G1,categorical__hour_15.0,0.09919257483817372
2022,Songa_G1,categorical__hour_16.0,0.015621568657760558
2022,Songa_G1,categorical__hour_17.0,-0.1175114366857148
2022,Songa_G1,categorical__hour_18.0,-0.18492148083336632
2022,Songa_G1,categorical__hour_19.0,-0.15899045915923382
2022,Songa_G1,categorical__hour_20.0,-0.12385299711797794
2022,Songa_G1,categorical__hour_21.0,-0.11044582548465984
2022,Songa_G1,categorical__hour_22.0,-0.058650340960822084
2022,Songa_G1,categorical__hour_23.0,0.07324206666622252
2022,Songa_G1,categorical__weekday_0.0,-0.03215401190712086
2022,Songa_G1,categorical__weekday_1.0,-0.08913729773235193
2022,Songa_G1,categorical__weekday_2.0,-0.10761212148535791
2022,Songa_G1,categorical__weekday_3.0,-0.1569598892039815
2022,Songa_G1,categorical__weekday_4.0,-0.06591641327896315
2022,Songa_G1,categorical__weekday_5.0,-0.07788820455513593
2022,Songa_G1,categorical__weekday_6.0,-0.20483493274411682
2022,Songa_G1,categorical__season_0.0,-0.7048411986446784
2022,Songa_G1,categorical__season_1.0,-0.145117025947065
2022,Songa_G1,categorical__season_2.0,0.2487803502833662
2022,Songa_G1,categorical__season_3.0,-0.13332499659832678
2022,Kjela_G1,numeric__t,0.011022104499091778
2022,Kjela_G1,numeric__doy_sin,0.6020619544847154
2022,Kjela_G1,numeric__doy_cos,-0.15240089600744913
2022,Kjela_G1,numeric__price,0.7713773209377552
2022,Kjela_G1,numeric__price_rank,0.06750865797335648
2022,Kjela_G1,numeric__price_minus_mean,0.2676908725801408
2022,Kjela_G1,numeric__price_week_mean,0.7234485458870453
2022,Kjela_G1,numeric__wv_Kjela_G1,-1.834519426500234
2022,Kjela_G1,numeric__fill_Kjela_G1,0.5683848607907918
2022,Kjela_G1,numeric__inflow_Kjela_G1,-0.8214597184919638
2022,Kjela_G1,numeric__spread_Kjela_G1,3.415462838347187
2022,Kjela_G1,numeric__rank_fill_Kjela_G1,0.15436084757035237
2022,Kjela_G1,numeric__spread_t_Kjela_G1,2.5701159756623113
2022,Kjela_G1,categorical__hour_0.0,0.09404844836497579
2022,Kjela_G1,categorical__hour_1.0,0.179683709429566
2022,Kjela_G1,categorical__hour_2.0,0.15241518278900637
2022,Kjela_G1,categorical__hour_3.0,0.17325138655783381
2022,Kjela_G1,categorical__hour_4.0,0.13720117901743326
2022,Kjela_G1,categorical__hour_5.0,0.04673423493270699
2022,Kjela_G1,categorical__hour_6.0,0.010994727244133723
2022,Kjela_G1,categorical__hour_7.0,-0.08474793720267482
2022,Kjela_G1,categorical__hour_8.0,-0.2077922971965511
2022,Kjela_G1,categorical__hour_9.0,-0.19681436959054524
2022,Kjela_G1,categorical__hour_10.0,-0.17182812706240372
2022,Kjela_G1,categorical__hour_11.0,-0.11331213975118389
2022,Kjela_G1,categorical__hour_12.0,-0.062215759562572547
2022,Kjela_G1,categorical__hour_13.0,-0.026857007683401456
2022,Kjela_G1,categorical__hour_14.0,0.005008787018271531
2022,Kjela_G1,categorical__hour_15.0,0.020171125136373442
2022,Kjela_G1,categorical__hour_16.0,-0.049925439748611085
2022,Kjela_G1,categorical__hour_17.0,-0.1573170593672769
2022,Kjela_G1,categorical__hour_18.0,-0.17570620313220056
2022,Kjela_G1,categorical__hour_19.0,-0.1358051760978973
2022,Kjela_G1,categorical__hour_20.0,-0.08230703947928757
2022,Kjela_G1,categorical__hour_21.0,-0.05845525580536397
2022,Kjela_G1,categorical__hour_22.0,-0.03013203503841854
2022,Kjela_G1,categorical__hour_23.0,0.12201143694856426
2022,Kjela_G1,categorical__weekday_0.0,-0.006974786522440918
2022,Kjela_G1,categorical__weekday_1.0,-0.10229489956645249
2022,Kjela_G1,categorical__weekday_2.0,-0.1484904709073253
2022,Kjela_G1,categorical__weekday_3.0,-0.07698364531565027
2022,Kjela_G1,categorical__weekday_4.0,-0.07854925094384821
2022,Kjela_G1,categorical__weekday_5.0,-0.12879084725823184
2022,Kjela_G1,categorical__weekday_6.0,-0.06961172876557113
2022,Kjela_G1,categorical__season_0.0,-0.565658637861868
2022,Kjela_G1,categorical__season_1.0,0.4959850083734104
2022,Kjela_G1,categorical__season_2.0,-0.1198258710667877
2022,Kjela_G1,categorical__season_3.0,-0.42219612872427004
2022,Vesle Kjela_G1,numeric__t,0.022256205100420638
2022,Vesle Kjela_G1,numeric__doy_sin,-0.21400103228632747
2022,Vesle Kjela_G1,numeric__doy_cos,0.12884034738904201
2022,Vesle Kjela_G1,numeric__price,1.9907547369578886
2022,Vesle Kjela_G1,numeric__price_rank,-0.23913047208305183
2022,Vesle Kjela_G1,numeric__price_minus_mean,0.2855102317653061
2022,Vesle Kjela_G1,numeric__price_week_mean,2.0192230912101015
2022,Vesle Kjela_G1,numeric__wv_Vesle Kjela_G1,-5.660266499611975
2022,Vesle Kjela_G1,numeric__fill_Vesle Kjela_G1,0.2858485779395792
2022,Vesle Kjela_G1,numeric__inflow_Vesle Kjela_G1,0.06308935155764664
2022,Vesle Kjela_G1,numeric__spread_Vesle Kjela_G1,10.022062483645229
2022,Vesle Kjela_G1,numeric__rank_fill_Vesle Kjela_G1,0.09912804405144396
2022,Vesle Kjela_G1,numeric__spread_t_Vesle Kjela_G1,1.7400019019292632
2022,Vesle Kjela_G1,categorical__hour_0.0,0.30807006408980603
2022,Vesle Kjela_G1,categorical__hour_1.0,0.5381609475027276
2022,Vesle Kjela_G1,categorical__hour_2.0,0.6563751925330622
2022,Vesle Kjela_G1,categorical__hour_3.0,0.747097937515697
2022,Vesle Kjela_G1,categorical__hour_4.0,0.67813679239717
2022,Vesle Kjela_G1,categorical__hour_5.0,0.3526373270239813
2022,Vesle Kjela_G1,categorical__hour_6.0,0.08682195096597263
2022,Vesle Kjela_G1,categorical__hour_7.0,-0.2401777523963527
2022,Vesle Kjela_G1,categorical__hour_8.0,-0.5241993000725386
2022,Vesle Kjela_G1,categorical__hour_9.0,-0.47244436606042206
2022,Vesle Kjela_G1,categorical__hour_10.0,-0.36285618429614597
2022,Vesle Kjela_G1,categorical__hour_11.0,-0.2337980447952103
2022,Vesle Kjela_G1,categorical__hour_12.0,-0.12016450923471773
2022,Vesle Kjela_G1,categorical__hour_13.0,-0.007669914174762279
2022,Vesle Kjela_G1,categorical__hour_14.0,0.058586398169676396
2022,Vesle Kjela_G1,categorical__hour_15.0,0.0460539114903337
2022,Vesle Kjela_G1,categorical__hour_16.0,-0.10835591146635665
2022,Vesle Kjela_G1,categorical__hour_17.0,-0.32815123452519707
2022,Vesle Kjela_G1,categorical__hour_18.0,-0.4311987926389151
2022,Vesle Kjela_G1,categorical__hour_19.0,-0.3551883843868815
2022,Vesle Kjela_G1,categorical__hour_20.0,-0.24899767690393904
2022,Vesle Kjela_G1,categorical__hour_21.0,-0.15542091023004756
2022,Vesle Kjela_G1,categorical__hour_22.0,-0.015686869063044694
2022,Vesle Kjela_G1,categorical__hour_23.0,0.2864608382070451
2022,Vesle Kjela_G1,categorical__weekday_0.0,0.010030508043827945
2022,Vesle Kjela_G1,categorical__weekday_1.0,0.08755007556415713
2022,Vesle Kjela_G1,categorical__weekday_2.0,0.08659826998392166
2022,Vesle Kjela_G1,categorical__weekday_3.0,0.08564429705470634
2022,Vesle Kjela_G1,categorical__weekday_4.0,0.08498347877060863
2022,Vesle Kjela_G1,categorical__weekday_5.0,-0.10062779854651072
2022,Vesle Kjela_G1,categorical__weekday_6.0,-0.10008732121979375
2022,Vesle Kjela_G1,categorical__season_0.0,0.36189270066104595
2022,Vesle Kjela_G1,categorical__season_1.0,0.6260342214133888
2022,Vesle Kjela_G1,categorical__season_2.0,0.065024868502771
2022,Vesle Kjela_G1,categorical__season_3.0,-0.8988602809263427
